acres,parcel_count,min_dist_mi,owner,owner_type,zoning,zoning_threat_baseline,compactness,location,lat,lon,parcels
306.39,41,3.73,,individual,"Ada County:RUT, City of Meridian:C-C, City of Meridian:C-G, City of Meridian:H-E, City of Meridian:M-E, City of Meridian:R-15, City of Meridian:R-40",High,0.758,4300 W GRAND MOGUL DR,43.599109,-116.446191,"R0804240320,R1863770200,R1863770300,R1863770400,R1863770500,R1863770700,R1863770800,R1863770900,R1863771000,R1863771100,R1863771300,R1863771400,R1863771610,R6733720020,R6733720065,R6733720320,R6733720380,R6733720400,R6733720420,R6733720440,R6733720460,R8956280200,R8956280600,R8956280700,R8956350020,R8956350040,R8956350060,R8956350080,R8956400100,R8956400300,R8956400400,S1215131410,S1215142300,S1215223102,S1215223450,S1215233700,S1215244250,S1215325450,S1215325600,S1215417217,S1215417409"
253.2,20,2.52,,individual,"Ada County:R1, Ada County:RUT, City of Meridian:C-C, City of Meridian:R-15, City of Meridian:R-4, City of Meridian:R-40, City of Meridian:R-8",High,0.393,S LOCUST GROVE RD,43.549857,-116.373456,"R0475950022,R0475950147,R0475990620,R5165280020,R7176810800,S1132325410,S1132325801,S1131120760,S1131131210,S1131131235,S1131131690,S1131212400,S1131212500,S1131223350,S1131223400,S1131244505,S1131417400,S1131417500,S1131427855,S1131449050"
73.76,1,4.92,,individual,City of Boise:MX-3,High,0.625,11311 W CHINDEN BLVD,43.659664,-116.330518,S0527223101
60.34,8,3.16,,individual,"Ada County:RUT, City of Meridian:R-15, City of Meridian:R-2, City of Meridian:R-4",High,0.581,S MERIDIAN RD,43.54773,-116.390505,"R7824220180,S1131336031,S1131336050,S1131336111,S1131346655,S1131346925,S1131346941,S1131347001"
56.79,8,1.73,,individual,"City of Meridian:C-G, City of Meridian:R-15, City of Meridian:R-40",High,0.359,S JOHNSON LN,43.595513,-116.399866,"S1213417006,S1213417480,S1213417600,S1213417630,S1213417707,S1213427840,S1213427900,S1213428320"
38.73,1,3.68,,individual,City of Meridian:R-40,High,0.731,2954 W FRANKLIN RD,43.607504,-116.43127,S1211336065
18.94,3,4.28,,individual,"City of Boise:MX-2, City of Boise:MX-3",High,0.752,555 S COLE RD,43.599194,-116.27599,"R0608600020,S1113141820,S1113141903"
11.9,5,0.98,,individual,City of Meridian:R-15,High,0.563,2820 S EAGLE RD,43.578946,-116.352827,"S1121336101,S1121336200,S1121336230,S1121336251,S1121336276"
11.41,3,3.76,,individual,"City of Meridian:R-15, City of Meridian:R-8",High,0.791,1515 W USTICK RD,43.632916,-116.41235,"S1201223115,S1201223160,S1201223220"
11.37,3,4.52,,individual,City of Meridian:R-15,High,0.427,4420 W FRANKLIN RD,43.606378,-116.449045,"S1210336405,S1210336451,S1210336521"
7.91,1,3.26,,individual,City of Meridian:R-15,High,0.751,6227 S CULMINATION LN,43.547529,-116.382893,R0475061520
6.58,3,1.06,,individual,"City of Boise:MX-2, City of Meridian:C-G",High,0.345,12535 W OVERLAND RD,43.589403,-116.338955,"R5862150400,S1121110011,S1121110201"
5.87,2,4.19,,individual,City of Boise:MX-3,High,0.423,S COLE RD,43.588731,-116.275984,"S1124110220,S1124110240"
5.85,1,3.62,,individual,City of Boise:MX-3,High,0.758,9514 W FAIRVIEW AVE  STE 100,43.620464,-116.300199,R9323100800
5.13,1,3.31,,individual,City of Boise:MX-2,High,0.78,3855 N EAGLE RD,43.639734,-116.355365,R4582530202
4.96,2,4.07,,individual,City of Boise:MX-3,High,0.19,N MILWAUKEE ST,43.609304,-116.280554,"R8512270018,R8512270030"
4.68,4,1.94,,individual,City of Boise:MX-1,High,0.698,11101 W OVERLAND RD,43.58968,-116.320945,"R8048700050,R8048700060,R8048700070,R8048700090"
4.58,1,4.0,,individual,City of Meridian:R-40,High,0.746,1680 W USTICK RD,43.634769,-116.41456,S0435449706
4.57,1,2.14,,individual,City of Boise:MX-3,High,0.717,12565 W FAIRVIEW AVE,43.61847,-116.338838,S1109110516
4.46,2,3.23,,individual,City of Boise:MX-3,High,0.516,10025 W FAIRVIEW AVE,43.618468,-116.307605,"R1096253483,R1096253603"
3.52,2,4.9,,individual,"City of Boise:MX-3, City of Boise:R-2",High,0.618,1500 N ELDORADO ST,43.617902,-116.269275,"R3078010001,R8019000050"
3.35,1,4.1,,individual,City of Boise:MX-3,High,0.38,7809 W OVERLAND RD,43.588966,-116.279113,S1124120680
3.34,2,4.02,,individual,City of Boise:MX-1,High,0.602,W SPECTRUM ST,43.587231,-116.280804,"R2405370020,R2405370090"
3.29,2,2.83,,individual,City of Boise:MX-3,High,0.764,10990 W FAIRVIEW AVE,43.61993,-116.318979,"R1580902560,R1580902800"
3.21,2,3.5,,individual,City of Boise:MX-2,High,0.671,8764 W HACKAMORE DR,43.595849,-116.291141,"R1343830200,R1343830300"
3.17,1,4.72,,individual,City of Boise:MX-3,High,0.794,12437 W BRIDGER ST,43.658155,-116.337459,R7406060075
3.03,2,3.73,,individual,Ada County:R20,High,0.245,6008 S BODDINGTON LN,43.548132,-116.316259,"R1376910360,R1376920780"
2.96,1,3.81,,individual,City of Boise:MX-2,High,0.593,1250 S VINNELL WAY,43.594206,-116.284712,R1343810200
2.75,2,2.32,,individual,City of Meridian:R-40,High,0.166,N LAKES PL,43.621528,-116.384077,"R1819660060,R1819680030"
2.64,1,4.93,,individual,City of Meridian:R-15,High,0.73,1250 E EVEREST ST,43.662155,-116.378956,R1029680110
2.57,1,3.44,,individual,City of Boise:MX-3,High,0.773,1450 N MITCHELL ST,43.618066,-116.30231,R8281007135
2.56,1,3.94,,individual,City of Boise:MX-1,High,0.177,13201 W PERSIMMON LN,43.647847,-116.345961,R8192260010
2.48,1,3.58,,individual,City of Boise:MX-2,High,0.513,450 S MAPLE GROVE RD,43.600585,-116.290365,S1113233665
2.3,1,4.55,,individual,City of Meridian:R-15,High,0.212,W TOPEKA ST,43.608736,-116.448819,R0623110320
2.24,1,1.95,,individual,Ada County:R20,High,0.783,3535 S CLOVERDALE RD,43.570712,-116.335095,R1618930200
2.13,1,4.57,,individual,City of Boise:MX-3,High,0.575,7315 W DENTON ST,43.609692,-116.272945,S1007325725
2.03,1,3.62,,individual,City of Boise:MX-2,High,0.79,1230 S BIRD ST,43.593356,-116.288499,S1113346750
1.79,1,2.15,,individual,City of Meridian:R-15,High,0.643,NE 3RD ST,43.615925,-116.388178,R5739800050
1.7,1,2.93,,individual,City of Boise:MX-3,High,0.787,1421 N FIVE MILE RD,43.618334,-116.314971,R5132000371
1.63,1,4.06,,individual,City of Boise:MX-2,High,0.396,7849 W GRATZ DR,43.601967,-116.280917,R3241910550
1.57,1,1.13,,individual,City of Meridian:R-15,High,0.225,2020 S MOVADO WAY,43.586797,-116.339407,R5862070580
1.55,1,1.67,,individual,City of Meridian:R-15,High,0.201,E REEM DR,43.615399,-116.368827,R7084130020
1.55,1,1.93,,individual,City of Meridian:O-T,High,0.707,614 N MAIN ST,43.609275,-116.391093,S1107325615
1.46,1,4.69,,individual,City of Boise:MX-3,High,0.753,7415 W FAIRVIEW AVE,43.61885,-116.274908,S1112110355
1.44,1,3.75,,individual,City of Boise:MX-3,High,0.745,9250 W FAIRVIEW AVE,43.620773,-116.297348,R3046503001
1.43,1,4.51,,individual,City of Boise:MX-3,High,0.435,709 N COLE RD,43.611114,-116.274678,S1112417212
1.39,1,4.03,,individual,City of Boise:MX-3,High,0.777,8605 W FAIRVIEW AVE,43.618999,-116.289548,S1112223100
1.37,1,3.07,,individual,City of Meridian:R-15,High,0.386,6335 S KIWANO LN,43.547465,-116.362268,R4207730660
1.31,1,4.76,,individual,City of Boise:MX-3,High,0.714,12676 W BRIDGER ST,43.65924,-116.340444,R7406210510
1.29,1,2.32,,individual,City of Meridian:R-15,High,0.273,3400 E MACUMBO LN,43.558959,-116.35215,R3636031840
1.28,1,2.81,,individual,City of Meridian:R-40,High,0.7,185 E BLUE HERON LN,43.626153,-116.391378,R7039000275
1.27,1,4.48,,individual,City of Boise:MX-1,High,0.398,W MCMILLAN RD,43.647835,-116.315475,R2024707116
1.17,1,2.75,,individual,City of Boise:MX-3,High,0.786,1747 N STEELWOOD AVE,43.620797,-116.323172,R2887300080
1.1,1,3.75,,individual,City of Boise:MX-1,High,0.724,1700 S VINNELL ST,43.589002,-116.285981,S1124212745
1.05,1,3.95,,individual,City of Boise:MX-3,High,0.643,8775 W FAIRVIEW AVE,43.618941,-116.29139,S1112223407
1.04,1,4.88,,individual,City of Boise:R-3,High,0.271,FRANKLIN RD,43.604778,-116.26495,R7600140200
1.02,1,2.6,,individual,City of Meridian:R-15,High,0.312,1001 W BROADWAY AVE,43.609903,-116.406589,R7626350050
1.02,1,4.17,,individual,City of Meridian:R-15,High,0.32,S ICEBERG LAKE AVE,43.602088,-116.443087,R0804231060
109.33,11,3.27,,individual,"Ada County:RUT, City of Meridian:C-C, City of Meridian:L-O, City of Meridian:M-E, City of Meridian:R-8",Medium,0.683,S TEN MILE RD,43.588904,-116.430575,"S1214336100,S1214336350,S1214336375,S1214336415,S1214346705,S1214346905,S1223212620,S1223223010,S1223223255,S1223233670,S1223233820"
92.54,8,3.09,,individual,"City of Meridian:R-15, City of Meridian:R-2, City of Meridian:R-4, City of Meridian:R-8",Medium,0.384,W OVERLAND RD,43.585774,-116.424483,"S1223120955,S1223131245,S1223212615,S1223233920,S1223233950,S1223234020,S1223244225,S1223244280"
71.68,2,2.01,,individual,City of Meridian:C-G,Medium,0.795,3000 E FAIRVIEW AVE,43.620961,-116.357164,"S1105417305,S1105449105"
69.58,25,3.19,,individual,"City of Meridian:C-G, City of Meridian:R-40",Medium,0.708,S WAYFINDER AVE,43.60008,-116.430771,"R8483060020,R8483070600,R8483070700,R8483070800,R8483070900,R8483071000,R8483071100,R8483100100,R8483100200,R8483100300,R8483110100,R8483110200,R8483110300,R8483110400,R8483110500,R8483110600,R8483110700,R8483120105,R8483130100,R8483130200,R8483130300,R8484030200,R8484030400,R8484030500,S1214233725"
51.29,3,3.06,,individual,"City of Meridian:C-G, City of Meridian:TN-R",Medium,0.748,W COBALT DR,43.598759,-116.421281,"S1214120910,S1214121190,S1214233685"
30.51,10,1.42,,individual,"City of Meridian:R-4, City of Meridian:R-8",Medium,0.257,4155 S GENOARD AVE,43.567208,-116.363114,"R5680270080,R5680301900,R5680302010,R5680302270,R8570110110,R8570110610,R8570120240,R8570130190,S1129223553,S1130110101"
26.83,10,1.25,,individual,City of Meridian:C-G,Medium,0.668,E FRANKLIN RD,43.602513,-116.38827,"R3720680400,R3720680500,R3720680600,R3720680700,R3720690122,R3720690172,R3720690180,R5901160115,R8182960020,R8182960030"
25.02,2,2.57,,individual,"City of Meridian:C-C, City of Meridian:R-4",Medium,0.685,104 W CHERRY LN,43.62175,-116.394946,"S1201449707,S1212110351"
23.66,7,1.48,,individual,"City of Meridian:C-G, City of Meridian:I-L",Medium,0.687,1800 E PINE AVE,43.613293,-116.370775,"S1108233651,S1108233760,S1108233855,S1108233992,S1108234011,S1108234051,S1108244538"
21.74,4,1.12,,individual,"City of Meridian:C-G, City of Meridian:I-L, City of Meridian:R-40",Medium,0.542,1450 E FRANKLIN RD,43.606334,-116.375866,"S1118110022,S1118110051,S1107449990,S1107449996"
21.71,4,1.35,,individual,City of Meridian:C-G,Medium,0.461,E PINE AVE,43.611203,-116.369046,"R0427510100,R0427510200,S1108325455,S1108325470"
21.71,1,2.12,,individual,City of Meridian:R-8,Medium,0.339,S STANDING TIMBER WAY,43.570571,-116.391214,S1130234045
20.86,9,0.62,,individual,"City of Meridian:C-G, City of Meridian:R-40",Medium,0.805,1044 S SILVERSTONE WAY,43.596264,-116.343571,"R7319430820,R7319431200,R7319431300,R7319431400,R7319431500,R7319431600,R7319431700,R7319431905,R7555000285"
20.7,3,0.13,,individual,City of Meridian:C-G,Medium,0.711,2600 E OVERLAND RD,43.59271,-116.363226,"R1814730150,R1814730172,S1117438630"
17.86,8,0.35,,individual,City of Meridian:C-G,Medium,0.559,1320 S RACKHAM WAY,43.592378,-116.352442,"R6819220220,R6819230110,R6819230215,R8178650100,R8178650200,S1116336403,S1116336421,S1116336453"
16.64,3,2.7,,individual,"City of Meridian:C-C, City of Meridian:TN-C, City of Meridian:TN-R",Medium,0.721,1752 W AMERICAN FORK DR,43.587723,-116.416022,"R8048710027,R8048710060,R8048710070"
14.23,1,2.05,,individual,City of Meridian:C-G,Medium,0.49,3210 E LONGWING LN,43.620995,-116.352889,R1343720710
13.87,7,3.49,,individual,City of Meridian:C-G,Medium,0.679,W NAVIGATOR DR,43.59573,-116.432143,"R8484000010,R8484000035,R8484000055,R8484000075,R8484000085,R8484020100,R8484020200"
13.25,2,1.3,,individual,City of Meridian:C-G,Medium,0.624,N EAGLE RD,43.610502,-116.356253,"R7724570310,R7724570400"
12.93,5,1.11,,individual,City of Meridian:C-G,Medium,0.539,E CENTRAL DR,43.594251,-116.382837,"R0888210200,R1343550600,R1343550660,R1343550804,R1343550950"
11.95,1,0.94,,individual,City of Meridian:C-G,Medium,0.585,3816 E COPPER POINT DR,43.584212,-116.345462,R7909850396
10.7,3,2.81,,individual,City of Meridian:C-G,Medium,0.62,3100 N CENTREPOINT WAY,43.632881,-116.357423,"S1105110120,S1105110400,S1105110500"
10.47,3,1.99,,individual,City of Meridian:C-G,Medium,0.695,1385 S BLUE MARLIN LN,43.592071,-116.400639,"R4239770200,R4239770300,R4239770510"
10.05,1,4.37,,individual,City of Meridian:TN-R,Medium,0.641,W FRANKLIN RD,43.607662,-116.445521,S1210346850
9.87,1,2.12,,individual,City of Meridian:C-G,Medium,0.795,1730 N RECORDS WAY,43.620621,-116.345578,S1104347006
9.41,5,4.76,,individual,"City of Meridian:C-G, City of Meridian:R-8",Medium,0.654,3331 N BURLEY AVE,43.63523,-116.437598,"R5629430090,R5629430106,R5629430130,R5629430140,S0434449504"
9.2,6,1.81,,individual,City of Meridian:C-G,Medium,0.636,210 E VICTORY RD,43.576997,-116.390657,"R9024770060,R9024780040,R9024780075,R9024780110,R9024780150,R9024780180"
9.12,1,3.09,,individual,City of Meridian:C-C,Medium,0.698,W CHERRY LN,43.618759,-116.410264,S1212223125
8.51,1,3.88,,individual,City of Meridian:R-8,Medium,0.514,4750 N LOCUST GROVE RD,43.647388,-116.372735,S0532223011
8.41,3,2.17,,individual,City of Meridian:C-G,Medium,0.359,1448 S TECH LN,43.592442,-116.4042,"R4885160095,R4885160105,R4885160130"
8.26,4,0.31,,individual,"City of Meridian:L-O, City of Meridian:TN-R",Medium,0.745,1925 S WELLS AVE,43.587148,-116.363739,"R3238510240,R3238520110,R3238520210,R8954240060"
7.54,1,2.25,,individual,City of Meridian:R-8,Medium,0.553,1635 S STODDARD RD,43.587298,-116.405323,S1224212520
7.23,4,0.86,,individual,City of Meridian:C-G,Medium,0.723,200 S BROOKLYN AVE,43.60338,-116.351623,"R3037460612,R3037460700,R3037460910,R3037461100"
5.98,1,3.04,,individual,City of Meridian:R-8,Medium,0.479,3430 N TROXEL WAY,43.635931,-116.362801,R1362650050
5.97,2,0.61,,individual,City of Meridian:C-G,Medium,0.696,1920 S SILVERSTONE WAY,43.587202,-116.350505,"R7909770150,R7909850300"
5.86,1,4.88,,individual,City of Meridian:C-C,Medium,0.442,1642 E THREE CORNERS DR,43.662042,-116.37247,S0529223155
5.49,3,0.86,,individual,"City of Meridian:C-C, City of Meridian:C-G",Medium,0.743,2975 E FRANKLIN RD,43.604126,-116.357615,"R6510600060,S1117110201,S1108449810"
5.33,1,4.26,,individual,Ada County:R8,Medium,0.61,9941 W PORTOLA DR,43.544331,-116.306826,R1819740400
5.06,1,2.02,,individual,City of Meridian:C-G,Medium,0.719,305 W FRANKLIN RD,43.603635,-116.397968,S1213110466
4.81,3,3.3,,individual,City of Meridian:C-G,Medium,0.73,2740 W NAVIGATOR DR,43.595774,-116.426633,"R8484010100,R8484010200,R8484010300"
4.69,2,2.54,,individual,City of Meridian:C-C,Medium,0.354,134 E FAIRVIEW AVE,43.62114,-116.39158,"S1106336086,S1106336200"
4.63,2,0.79,,individual,City of Meridian:C-C,Medium,0.338,1420 E BIRD DOG DR,43.59268,-116.376545,"R8257510045,R8257510080"
4.58,2,0.45,,individual,City of Meridian:C-G,Medium,0.751,2131 S BONITO WAY,43.585557,-116.358953,"R1022760090,R1022760100"
4.48,2,2.14,,individual,"City of Meridian:C-C, City of Meridian:C-G",Medium,0.731,715 E FAIRVIEW AVE,43.618919,-116.385102,"R4228730010,S1107212505"
4.43,2,0.28,,individual,City of Meridian:C-G,Medium,0.765,1860 S WELLS AVE,43.587929,-116.361291,"R3238510205,R3238510230"
4.21,1,3.41,,individual,City of Boise:R-2,Medium,0.674,1770 S MAPLE GROVE RD,43.587883,-116.292891,S1124223215
4.18,2,0.43,,individual,City of Meridian:C-G,Medium,0.725,S RACKHAM WAY,43.59477,-116.35317,"R7319430100,R7319430200"
4.15,2,0.23,,individual,City of Meridian:C-G,Medium,0.739,1751 S BONITO WAY,43.588859,-116.358925,"R1022760195,R1022760200"
3.67,1,3.16,,individual,City of Meridian:C-G,Medium,0.716,3570 N EAGLE RD,43.637197,-116.351834,R7991140012
3.64,3,2.67,,individual,City of Meridian:C-G,Medium,0.776,1550 S SPANISH SUN WAY,43.590705,-116.415702,"R0525200041,R0525200060,R0525200080"
3.39,2,3.01,,individual,City of Meridian:C-G,Medium,0.166,N CENTREPOINT WAY,43.636014,-116.359097,"R1343770152,R8461060060"
3.38,2,4.29,,individual,City of Meridian:R-8,Medium,0.166,4322 W PEAK CLOUD DR,43.603935,-116.445731,"R0804190080,R0804210520"
3.31,1,4.79,,individual,City of Meridian:R-8,Medium,0.543,W CROSBY DR,43.653427,-116.404864,R6905270170
3.25,1,1.3,,individual,City of Meridian:C-G,Medium,0.602,690 S INDUSTRY WAY,43.598397,-116.385251,R1343500207
3.25,2,1.92,,individual,"City of Meridian:C-G, City of Meridian:R-40",Medium,0.551,N LOCUST GROVE RD,43.61773,-116.374897,"R0804220200,R4908310010"
3.25,1,4.99,,individual,City of Meridian:R-8,Medium,0.614,W KELLY CREEK DR,43.650521,-116.419329,R2958220700
3.24,1,1.88,,individual,City of Meridian:R-8,Medium,0.221,S STANDING TIMBER WAY,43.572545,-116.387337,R7909920020
3.16,2,2.13,,individual,"Ada County:RUT, City of Meridian:R-8",Medium,0.81,3275 E AMITY RD,43.560676,-116.353666,"S1133223105,S1128336251"
3.1,2,4.87,,individual,City of Meridian:R-8,Medium,0.866,5695 N FOX RUN WAY,43.65623,-116.404247,"R6905170420,R6905250310"
2.96,2,2.19,,individual,City of Meridian:R-8,Medium,0.246,4164 E CEDARSTONE ST,43.563375,-116.342033,"R7845151080,R7845160180"
2.9,1,1.81,,individual,City of Meridian:R-8,Medium,0.235,E DEERHILL DR,43.566295,-116.36844,S1129315330
2.88,1,1.94,,individual,City of Meridian:R-8,Medium,0.306,3799 S DAYBREAK WAY,43.570552,-116.386135,R1322200100
2.86,1,1.93,,individual,City of Meridian:R-8,Medium,0.535,E WRIGHTWOOD DR,43.565631,-116.373689,R0882350020
2.77,2,2.59,,individual,City of Meridian:C-G,Medium,0.746,2634 N EAGLE RD,43.628985,-116.352848,"R7812730350,R7812730550"
2.76,1,0.83,,individual,City of Meridian:C-G,Medium,0.631,785 S LOCUST GROVE RD,43.597263,-116.375745,S1118417255
2.75,1,4.0,,individual,City of Meridian:R-8,Medium,0.816,N LONGABAUGH WAY,43.645645,-116.390756,R8036380100
2.69,2,1.78,,individual,City of Meridian:C-G,Medium,0.424,156 W OVERLAND RD,43.590445,-116.396376,"R4239771420,R4239771460"
2.65,1,3.89,,individual,City of Meridian:C-C,Medium,0.61,890 N TEN MILE RD,43.612957,-116.433025,S1211233735
2.62,2,1.99,,individual,City of Meridian:C-G,Medium,0.717,515 W CORPORATE DR,43.598535,-116.400151,"R9211510020,R9211510030"
2.62,2,2.03,,individual,City of Meridian:R-8,Medium,0.175,E RADIANT RIDGE ST,43.567363,-116.383606,"R7383440250,R7383420712"
2.6,1,1.72,,individual,City of Meridian:C-G,Medium,0.673,S MERIDIAN RD,43.592194,-116.395228,S1213449750
2.54,1,3.63,,individual,Ada County:R8,Medium,0.628,10882 W GOLDENSPIRE DR,43.549812,-116.317619,R3525370210
2.44,1,1.97,,individual,City of Meridian:R-8,Medium,0.317,E WRIGHTWOOD DR,43.565413,-116.37553,R7383420020
2.44,1,3.42,,individual,City of Meridian:R-8,Medium,0.737,201 E CARVER DR,43.636529,-116.390481,R8222360550
2.43,2,0.84,,individual,City of Meridian:C-G,Medium,0.766,1900 S TOPAZ WAY,43.587719,-116.344946,"R7909850265,R7909850270"
2.41,1,4.0,,individual,Ada County:R8,Medium,0.911,11127 W MORELA DR,43.542127,-116.320359,R3525390570
2.39,1,2.21,,individual,City of Meridian:R-8,Medium,0.308,4903 S CARNEROS WAY,43.559986,-116.362499,R9234310320
2.38,1,3.38,,individual,City of Meridian:R-8,Medium,0.713,E VILLAGE GREEN ST,43.639405,-116.377341,R7288590150
2.36,1,1.08,,individual,City of Meridian:R-8,Medium,0.288,4225 E GOLDSTONE DR,43.584439,-116.341824,R5862030180
2.36,1,2.19,,individual,City of Meridian:C-G,Medium,0.765,901 W OVERLAND RD,43.589528,-116.404507,R2928160300
2.35,1,0.56,,individual,City of Meridian:C-G,Medium,0.658,2998 E COPPER POINT DR,43.584364,-116.356633,R1022760152
2.23,1,1.47,,individual,City of Meridian:R-8,Medium,0.243,1375 E PIENZA ST,43.574264,-116.377333,R8560210510
2.22,1,4.4,,individual,City of Meridian:R-8,Medium,0.614,E ENSENADA DR,43.652387,-116.388579,R9005720130
2.15,1,4.18,,individual,Ada County:R8,Medium,0.535,6033 S ICICLE AVE,43.548548,-116.302569,R1333020580
2.14,1,1.46,,individual,City of Meridian:C-G,Medium,0.188,E CORPORATE DR,43.597258,-116.389036,R1343520150
2.11,1,3.05,,individual,City of Meridian:C-G,Medium,0.705,2015 W FRANKLIN RD,43.604237,-116.419444,R2940650080
2.08,1,2.65,,individual,City of Meridian:C-G,Medium,0.526,2755 N EAGLE RD,43.630162,-116.355425,R0945580275
2.07,2,1.93,,individual,City of Meridian:C-G,Medium,0.793,495 W OVERLAND RD,43.588494,-116.39915,"S1224120700,S1224120740"
2.07,1,2.76,,individual,City of Meridian:C-C,Medium,0.796,W FRANKLIN RD,43.605226,-116.412892,S1212336031
1.97,1,3.9,,individual,City of Meridian:R-8,Medium,0.569,N ALESTER AVE,43.642745,-116.394786,R9353190230
1.87,1,2.66,,individual,City of Meridian:R-8,Medium,0.164,4165 E ROCKHAMPTON ST,43.556187,-116.341298,R3745800170
1.82,1,2.46,,individual,City of Meridian:R-8,Medium,0.4,2315 S MODEL FARM WAY,43.584095,-116.408826,R2737410050
1.8,1,3.49,,individual,Ada County:R8,Medium,0.378,11044 W DREAMCATCHER ST,43.551071,-116.319904,R6989810130
1.8,1,3.64,,individual,City of Meridian:C-G,Medium,0.242,S INNOVATION LN,43.603619,-116.431735,R8483020060
1.8,1,4.65,,individual,Ada County:R8,Medium,0.33,W DULCIMER ST,43.546989,-116.291651,R2814140360
1.78,1,1.89,,individual,City of Meridian:R-8,Medium,0.548,E ARGENCE ST,43.567431,-116.377659,R6117170740
1.73,1,3.54,,individual,City of Meridian:R-8,Medium,0.516,1009 W STANHOPE ST,43.631173,-116.406222,R1619230860
1.68,1,3.13,,individual,City of Meridian:C-G,Medium,0.625,E VERBANA DR,43.594242,-116.423394,R7192800752
1.65,1,4.14,,individual,City of Meridian:R-8,Medium,0.174,W YOSEMITE DR,43.641192,-116.408125,R0792080010
1.64,1,3.69,,individual,Ada County:R8,Medium,0.258,9590 W CANFORD DR,43.560076,-116.301613,R1001520280
1.64,1,4.59,,individual,City of Meridian:R-8,Medium,0.637,520 W KINGSLEY ST,43.651706,-116.400843,R6905290090
1.6,1,1.61,,individual,City of Meridian:C-G,Medium,0.716,S COUNTRY TERRACE PL,43.591855,-116.392984,R8523240011
1.6,1,3.5,,individual,City of Meridian:R-8,Medium,0.306,W WOODBURY DR,43.629443,-116.408041,R1619250020
1.58,1,2.8,,individual,City of Meridian:R-8,Medium,0.251,5700 S TERRI AVE,43.552875,-116.345687,R3636190230
1.58,1,4.6,,individual,City of Meridian:R-8,Medium,0.196,E PRODUCER DR,43.654544,-116.392039,R9005710320
1.57,1,1.15,,individual,City of Meridian:C-G,Medium,0.754,790 E OVERLAND RD,43.590586,-116.383794,S1118438515
1.57,1,1.72,,individual,City of Meridian:R-8,Medium,0.167,3210 S STANDING TIMBER WAY,43.574994,-116.386168,R7909910020
1.57,1,4.21,,individual,City of Meridian:R-8,Medium,0.453,W PEACH SPRINGS ST,43.647209,-116.396073,R0364310440
1.56,1,4.16,,individual,City of Meridian:R-8,Medium,0.583,W BLACK ROCK DR,43.645049,-116.400137,R1333240630
1.53,1,1.74,,individual,City of Meridian:C-G,Medium,0.745,1823 S MERIDIAN RD,43.588558,-116.395357,R5652350065
1.5,1,2.0,,individual,Ada County:R8,Medium,0.238,3701 S ANTLER RIDGE AVE,43.569383,-116.335804,R0438420290
1.49,1,4.65,,individual,City of Meridian:R-8,Medium,0.539,5401 N LANGE AVE,43.653707,-116.397955,R6905310100
1.47,1,4.84,,individual,City of Boise:R-2,Medium,0.835,527 S WHISPERWOOD WAY,43.599597,-116.264748,R2391230350
1.46,1,1.89,,individual,City of Meridian:C-G,Medium,0.733,2365 E FAIRVIEW AVE,43.619057,-116.364874,R7104250004
1.46,1,4.31,,individual,City of Meridian:R-8,Medium,0.256,W MONUMENT ST,43.642412,-116.411466,R0792060260
1.44,1,1.7,,individual,City of Meridian:R-8,Medium,0.465,S BRIGHAM AVE,43.571206,-116.37912,R7567220170
1.42,1,2.57,,individual,City of Meridian:R-8,Medium,0.473,3384 E LA GRANGE ST,43.555289,-116.352371,R3636120490
1.4,1,3.68,,individual,City of Meridian:R-8,Medium,0.397,N LEZANA AVE,43.640144,-116.39206,R8222410320
1.38,1,1.81,,individual,City of Meridian:C-G,Medium,0.612,2435 S MERIDIAN RD,43.58257,-116.394689,R0855060220
1.38,1,4.33,,individual,City of Boise:R-2,Medium,0.702,9230 W USTICK RD,43.634391,-116.297308,S0535449950
1.37,1,1.99,,individual,City of Meridian:R-8,Medium,0.217,N CATHY AVE,43.615651,-116.3835,R8131430200
1.36,1,1.62,,individual,City of Meridian:R-8,Medium,0.199,S MURLO AVE,43.571232,-116.375993,R7567210250
1.35,1,4.22,,individual,City of Meridian:R-8,Medium,0.509,N RHODES AVE,43.645149,-116.402371,R1333230290
1.33,1,3.85,,individual,City of Meridian:R-8,Medium,0.281,W CROSSWIND DR,43.635791,-116.408511,R9532190240
1.31,1,2.71,,individual,City of Meridian:R-8,Medium,0.254,E WOODVILLE DR,43.553525,-116.35025,R3636150270
1.31,1,3.72,,individual,City of Meridian:R-8,Medium,0.266,4101 N KILBERRY AVE,43.641877,-116.388602,R1171300120
1.3,1,4.54,,individual,City of Meridian:R-8,Medium,0.283,E JOSHUA TREE DR,43.65452,-116.388342,R9005720370
1.28,1,3.15,,individual,Ada County:R8,Medium,0.348,4925 S PINTO AVE,43.558568,-116.317958,R1232250390
1.28,1,3.79,,individual,Ada County:R8,Medium,0.448,4301 S ALEUT WAY,43.563728,-116.296049,R8048190280
1.25,1,0.54,,individual,City of Meridian:C-C,Medium,0.716,1950 S SILVERSTONE WAY,43.587023,-116.352455,R7909790060
1.25,1,2.03,,individual,City of Meridian:C-G,Medium,0.774,1722 N AVEST LN,43.620626,-116.369904,R0619750080
1.23,1,1.79,,individual,City of Meridian:R-8,Medium,0.237,S SARTEANO AVE,43.569339,-116.378362,R1383790540
1.23,1,2.05,,individual,City of Meridian:R-8,Medium,0.182,S ABBOT WAY,43.562304,-116.363042,R1317650480
1.23,1,2.77,,individual,City of Boise:R-2,Medium,0.392,1388 S GOLDKING WAY,43.592164,-116.305545,R8813650360
1.19,1,2.33,,individual,City of Meridian:R-8,Medium,0.579,W WINNIPEG ST,43.572214,-116.398687,R4666240500
1.15,1,2.51,,individual,City of Meridian:C-C,Medium,0.785,3280 E RIVER VALLEY ST,43.627872,-116.353789,S1104233975
1.13,1,1.83,,individual,City of Meridian:R-8,Medium,0.334,639 E STATE AVE,43.612691,-116.383706,S1107131220
1.11,1,2.02,,individual,City of Meridian:R-8,Medium,0.301,E WRIGHTWOOD DR,43.56554,-116.378355,R7383420160
1.11,1,3.43,,individual,City of Meridian:R-8,Medium,0.482,3775 N HOLLYMOUNT WAY,43.639366,-116.381113,R7288590600
1.11,1,4.64,,individual,City of Meridian:R-8,Medium,0.574,934 W LAUGHTON DR,43.650922,-116.405229,R6905390180
1.09,1,1.49,,individual,City of Meridian:C-G,Medium,0.715,3298 E PINE AVE,43.612633,-116.352437,R7361210025
1.09,1,2.88,,individual,City of Meridian:C-G,Medium,0.393,3036 N EAGLE RD,43.633104,-116.351442,R8048320070
1.09,1,4.06,,individual,City of Meridian:R-8,Medium,0.408,W ANTON DR,43.640004,-116.407491,R7901540360
1.09,1,4.15,,individual,City of Meridian:R-8,Medium,0.296,N WARWICK AVE,43.624005,-116.431005,R1077600560
1.08,1,1.73,,individual,City of Meridian:R-8,Medium,0.32,S HIGHCLIFF AVE,43.567358,-116.367749,R0882380270
1.08,1,4.8,,individual,City of Boise:R-2,Medium,0.809,850 N CAMELOT DR,43.612519,-116.269205,R5646020165
1.07,1,0.29,,individual,City of Meridian:C-G,Medium,0.782,1561 S CELEBRATION AVE,43.590615,-116.366443,R1814730030
1.06,1,2.35,,individual,City of Meridian:R-8,Medium,0.166,W FLOWER GARDEN ST,43.588114,-116.407452,R7689290380
1.05,1,0.38,,individual,City of Meridian:C-G,Medium,0.793,1505 S MILLENNIUM WAY,43.591208,-116.368299,R1814730080
1.05,1,3.56,,individual,City of Meridian:R-8,Medium,0.348,E WALDEMAR DR,43.643464,-116.358189,R9846700140
1.05,1,3.68,,individual,City of Meridian:R-8,Medium,0.397,N TIPTON AVE,43.641954,-116.385934,R1171310300
1.05,1,4.18,,individual,Ada County:R8,Medium,0.329,6800 S HUNT WAY,43.540336,-116.317197,R3526530490
1.04,1,0.47,,individual,City of Meridian:C-C,Medium,0.462,3405 E OVERLAND RD,43.589708,-116.352093,R7909810010
1.04,1,0.69,,individual,City of Meridian:C-C,Medium,0.78,S LOCUST GROVE RD,43.588879,-116.373929,R8535800100
1.04,1,1.08,,individual,City of Meridian:C-G,Medium,0.313,170 N GAUDIANS AVE,43.605674,-116.350612,R7820150085
1.04,1,1.82,,individual,City of Meridian:R-8,Medium,0.793,E STONEBRIDGE DR,43.614521,-116.341973,R5417100870
1.04,1,4.27,,individual,City of Meridian:C-G,Medium,0.75,4849 N MERIDIAN RD,43.648858,-116.393985,R6905490150
1.03,1,3.03,,individual,City of Meridian:R-8,Medium,0.211,E RINGNECK ST,43.632676,-116.383259,R8461020250
1.02,1,0.78,,individual,City of Meridian:C-G,Medium,0.632,2255 S COBALT POINT WAY,43.584687,-116.348865,R7909850332
1.01,1,1.11,,individual,City of Meridian:C-G,Medium,0.778,1147 E WATERTOWER ST,43.600136,-116.379896,R5901160150
1.01,1,3.92,,individual,Ada County:R8,Medium,0.169,6030 S KELSO WAY,43.548438,-116.310588,R3271730680
1.0,1,1.95,,individual,City of Meridian:R-8,Medium,0.165,E SICILY DR,43.572879,-116.389491,R1322300080
1.0,1,3.72,,individual,Ada County:R8,Medium,0.747,10331 W HAZEL PARK ST,43.552054,-116.310966,R5125740180
1069.9,47,3.22,,individual,"Ada County:RR, Ada County:RSW, Ada County:RUT, City of Meridian:R-15, City of Meridian:R-4, City of Meridian:R-8",Low,0.607,8942 S EAGLE RD,43.519854,-116.35408,"R1297310040,R2747161000,R2861910100,R2861910200,R2861910300,R3958370100,R3958370300,R5147110200,R5147110324,R7406180019,R7406180022,R7406180030,R7997350420,R8970710010,R8970710025,R9009731380,S1404212555,S1404212755,S1404223101,S1404223251,S1404223401,S1404233620,S1404233685,S1404233800,S1404427850,S1404438405,S1404438775,S1404449025,S1404449320,S1405131500,S1405142100,S1405212402,S1405315235,S1405427800,S1405428000,S1405438700,S1408110580,S1408120860,S1408131600,S1408131725,S1408141880,S1408428200,S1408449050,S1409120600,S1409223185,S1409233600,S1409314900"
578.65,24,3.26,,individual,"Ada County:RR, Ada County:RUT, City of Kuna:A, City of Kuna:C-1, City of Kuna:C-2, City of Kuna:R-6, City of Meridian:C-C, City of Meridian:C-G, City of Meridian:R-15, City of Meridian:R-4, City of Meridian:R-8",Low,0.665,S MERIDIAN RD,43.526585,-116.388986,"R0475900020,R0475900900,R1425680020,R6933170100,R7439310015,R8522680400,S1406110016,S1406110355,S1406120601,S1406131205,S1406212410,S1406223020,S1406223030,S1406223040,S1406233610,S1406247810,S1406325615,S1406325626,S1406325902,S1406336010,S1406336050,S1406428305,S1406449900,S1407244250"
538.46,31,3.95,,individual,"Ada County:RR, Ada County:RUT, City of Kuna:A, City of Kuna:C-1, City of Kuna:C-2, City of Kuna:R-6",Low,0.67,7590 S TEN MILE RD,43.540789,-116.428645,"R0795710031,R0920510100,R0920510400,R0973410100,R0973410300,R1393850100,R1693860262,R1693860264,R1693860287,R1693860293,R1693860010,R1970710110,R6934730210,R6934730350,R8468870350,R9350620600,S1311110050,S1312223150,S1235212450,S1235325411,S1235346700,S1235346800,S1235438411,S1235449215,S1301336000,S1302120600,S1302120720,S1302212440,S1302244600,S1302244650,S1302314800"
436.4,21,3.71,,individual,Ada County:RUT,Low,0.711,3395 W VICTORY RD,43.571967,-116.439252,"R0967620110,R0967630010,R0967630020,R1524770009,R5505890400,R7550820390,R7550820500,R7533400100,R7533400400,R8131770510,R8131780200,S1226223130,S1226326201,S1227110210,S1227110230,S1227110250,S1227110411,S1227110430,S1227110450,S1227131350,S1227213200"
410.69,23,2.6,,individual,"Ada County:R1, Ada County:RUT, City of Meridian:R-4, City of Meridian:R-40, City of Meridian:R-8, City of Meridian:TN-R",Low,0.657,S LINDER RD,43.563611,-116.417711,"R2861920901,R3259151240,S1225314840,S1225325700,S1225325800,S1225325900,S1225336400,S1225336525,S1225347115,S1225418959,S1225418970,S1225449650,S1226417225,S1236120701,S1236120820,S1236120876,S1236121060,S1236121090,S1236131200,S1236141820,S1236223200,S1236314900,S1236417204"
391.49,18,3.98,,individual,"Ada County:RR, Ada County:RUT, City of Kuna:A, City of Kuna:PUD, City of Kuna:R-6",Low,0.759,S LINDER RD,43.53845,-116.407698,"R0358110812,R0358111020,R6961010011,R7135690172,R7135690180,R8079430860,R8110900100,R8110900300,R8350760200,S1301212550,S1301244200,S1301325480,S1301336350,S1301346612,S1301347050,S1301438810,S1301449020,S1301449255"
140.03,10,4.3,,individual,Ada County:RUT,Low,0.785,S BLACK CAT RD,43.587997,-116.45117,"R1581200000,R3784270100,R3784270300,R3784270400,R3784270500,R7149700025,S1221110160,S1222223000,S1222315215,S1222325650"
127.77,12,4.72,,individual,"Ada County:RUT, City of Kuna:R-12, City of Kuna:R-4, City of Kuna:R-6",Low,0.32,S BITTERCREEK AVE,43.555096,-116.445471,"R0967660400,R0967660500,R0967660600,R0967660700,R1928150060,R1928150070,R1928150080,R1928150090,S1234212945,S1234449300,S1234449400,S1234449700"
78.78,7,3.39,,individual,"Ada County:RUT, City of Meridian:C-C, City of Meridian:L-O, City of Meridian:TN-R",Low,0.573,3245 N MERIDIAN RD,43.635501,-116.398674,"R1931270100,R1931270200,R1931270300,R1931270400,S0436438803,S0436449580,S0436449775"
78.01,2,4.38,,individual,Ada County:RR,Low,0.498,S LOCUST GROVE RD,43.528998,-116.370401,"S1408223407,S1408233675"
76.55,8,3.86,,individual,"City of Boise:I-1, City of Boise:R-3",Low,0.526,2591 S COLE RD,43.579741,-116.277649,"R8048080002,R8954140010,R8954140020,S1124346950,S1124417605,S1124417620,S1124428170,S1125212400"
70.17,9,3.35,,individual,"Ada County:RUT, City of Kuna:A, City of Kuna:C-1, City of Kuna:R-12, City of Kuna:R-6",Low,0.569,S MERIDIAN RD,43.555615,-116.407985,"R6934730020,S1236222960,S1236233952,S1236233975,S1236244400,S1236244500,S1236325415,S1236325500,S1236325510"
67.22,7,0.92,,individual,"City of Boise:R-2, City of Meridian:I-L, City of Meridian:L-O",Low,0.28,3805 E FRANKLIN RD,43.603227,-116.347006,"R2789520100,R8509130020,S1116110300,S1116120662,S1116121055,S1116212561,S1116244261"
62.08,1,3.94,,individual,Ada County:RSW,Low,0.459,9920 W LAKE HAZEL RD,43.550584,-116.306796,S1135314806
61.21,12,4.46,,individual,City of Boise:I-1,Low,0.7,2711 S FRY ST,43.577734,-116.266876,"R3138960100,R3138970056,R7334250690,R8207350006,R8207350090,R8207350150,R8207350201,R8207350376,R8207350600,R8207350675,R8207350690,R8207350800"
60.94,7,1.93,,individual,"Ada County:RUT, City of Meridian:R-4, City of Meridian:R-8",Low,0.373,2935 E AMITY RD,43.559366,-116.355823,"R7977540200,S1132141950,S1132142001,S1132142110,S1129449355,S1129449550,S1132110550"
53.08,5,2.1,,individual,"Ada County:RUT, City of Meridian:C-C, City of Meridian:R-15",Low,0.808,E AMITY RD,43.563218,-116.346904,"R1343701140,R3035680126,S1133120706,S1133120725,S1128346800"
40.9,3,2.65,,individual,City of Boise:I-1,Low,0.375,W FRANKLIN RD,43.60616,-116.31164,"R2918430100,R8207770020,S1111336200"
38.24,4,4.72,,individual,City of Boise:A-1,Low,0.254,351 S ALLUMBAUGH WAY,43.600519,-116.266361,"R2391230370,S1018131265,S1018212514,S1018212520"
37.93,2,3.96,,individual,City of Boise:A-1,Low,0.704,5101 N EAGLE RD,43.651051,-116.35698,"S0529449100,S0529449353"
37.58,5,3.76,,individual,"Ada County:R1, Ada County:RUT",Low,0.774,S TEN MILE RD,43.58603,-116.435581,"R7569810025,R7569810030,R7569810063,S1222110280,S1222110410"
36.98,2,4.91,,individual,City of Kuna:R-4,Low,0.558,E RAYCREW LN,43.520863,-116.372294,"R9237170610,R9237170650"
32.24,6,4.72,,individual,"Ada County:R1, Ada County:R6, Ada County:RR, Ada County:RSW",Low,0.225,8000 S DREAM VIEW LN,43.528822,-116.318811,"R0080150320,R0290190200,R0290190300,R8222760320,S1410110080,S1410110090"
31.22,5,1.21,,individual,"Ada County:RUT, City of Meridian:I-L",Low,0.487,E FRANKLIN RD,43.601654,-116.382705,"R0797740020,S1118120840,S1118120861,S1118121050,S1118121150"
30.94,2,3.86,,individual,"Ada County:R1, City of Boise:A-1",Low,0.677,8371 W SALT CREEK DR,43.570016,-116.287002,"S1125233950,S1125244505"
28.36,6,4.1,,individual,"City of Meridian:R-4, City of Meridian:R-8",Low,0.285,3761 W PARK CREEK DR,43.615095,-116.442052,"R1317530180,R2910170740,R2910190720,R7536760490,S1210131210,S1210417400"
28.03,6,0.3,,individual,"Ada County:R1, Ada County:RUT, City of Meridian:L-O",Low,0.734,675 S WELLS ST,43.598922,-116.363424,"R5443010075,R5443010160,R5443010202,R5443010215,R5443010225,R5443010239"
27.75,2,2.17,,individual,City of Boise:I-1,Low,0.775,11350 W FRANKLIN RD,43.606252,-116.322193,"S1110438631,S1110438901"
27.66,2,4.75,,individual,Ada County:RUT,Low,0.724,3850 S BLACK CAT RD,43.569299,-116.451119,"S1227233950,S1227336300"
27.27,2,3.38,,individual,"Ada County:RUT, City of Meridian:R-4",Low,0.38,W PINE AVE,43.613883,-116.422415,"S1211131213,S1211131491"
26.54,5,4.54,,individual,"City of Boise:A-1, City of Boise:MX-3",Low,0.248,5835 N DISCOVERY WAY,43.657662,-116.343202,"R0499810001,R7406210100,R7406260010,R7406260070,S0528244205"
26.19,2,3.15,,individual,"City of Meridian:R-4, City of Meridian:R-8",Low,0.417,S LINDER RD,43.571034,-116.417415,"R0831430015,R0831430030"
25.24,1,3.0,,individual,Ada County:RUT,Low,0.757,2090 W OVERLAND RD,43.592144,-116.420799,S1214438600
25.07,1,2.29,,individual,Ada County:RUT,Low,0.702,4200 S WINDSTONE AVE,43.565019,-116.387505,S1130315225
22.13,2,4.22,,individual,Ada County:RSW,Low,0.8,11098 W CHAPIN AVE,43.538188,-116.320649,"R8069500300,S1403417257"
21.96,1,3.25,,individual,City of Meridian:I-L,Low,0.241,50 N WARD AVE,43.606858,-116.422465,S1211438600
21.17,7,2.09,,individual,"Ada County:RUT, City of Meridian:R-4, City of Meridian:R-8",Low,0.649,3345 S MERIDIAN RD,43.574209,-116.394712,"R0855080010,R0855080190,R4666240020,S1224449150,S1225110102,S1225110120,S1225110140"
20.58,3,4.05,,individual,"City of Boise:A-1, City of Boise:MX-1, City of Boise:R-1C",Low,0.36,8045 W VICTORY RD,43.573108,-116.280417,"R8954120020,S1125110586,S1125120821"
20.45,3,4.06,,individual,Ada County:RUT,Low,0.777,W LAMONT RD,43.583933,-116.441234,"S1222131225,S1222131240,S1222131625"
19.7,4,2.32,,individual,"City of Meridian:C-N, City of Meridian:R-15",Low,0.452,3801 E HILL PARK ST,43.557904,-116.347772,"R3530860020,R3530800105,R3636080110,S1133212576"
19.5,4,4.36,,individual,City of Meridian:R-4,Low,0.284,2887 W TUBAC DR,43.637015,-116.429268,"R1079800020,R4344440271,S0435326200,S0435346800"
19.28,1,3.34,,individual,City of Boise:A-1,Low,0.708,2815 S MAPLE GROVE RD,43.57868,-116.296774,S1123449083
18.67,3,0.55,,individual,"City of Meridian:C-G, City of Meridian:I-L",Low,0.762,S LOCUST GROVE RD,43.592355,-116.372719,"R7100270200,R7100270310,S1117336200"
18.32,1,2.12,,individual,City of Meridian:R-4,Low,0.494,2400 S STODDARD RD,43.583565,-116.401728,R0855010650
18.12,1,3.58,,individual,City of Meridian:R-4,Low,0.522,2500 N LINDER RD,43.628056,-116.412158,S1201234106
17.98,2,4.26,,individual,Ada County:RUT,Low,0.791,S TEN MILE RD,43.562336,-116.435548,"R8048360201,S1227449726"
17.61,1,4.39,,individual,Ada County:R6,Low,0.592,5960 S SNOWY RIVER WAY,43.54775,-116.29787,S1135449811
17.56,1,4.85,,individual,Ada County:RR,Low,0.583,S TEN MILE RD,43.544848,-116.432634,S1302223012
16.18,2,1.27,,individual,Ada County:RUT,Low,0.577,E VICTORY RD,43.57074,-116.363706,"S1129120650,S1129131300"
15.75,5,3.45,,individual,"City of Boise:I-1, City of Boise:R-1A",Low,0.613,8701 W TARGEE ST,43.582057,-116.290028,"S1124325445,S1124325487,S1124325568,S1124325615,S1124325625"
15.38,1,4.92,,individual,Ada County:RUT,Low,0.571,N BLACK CAT RD,43.608708,-116.456485,S1209417200
14.91,2,4.82,,individual,Ada County:R6,Low,0.765,9325 W MOSSYWOOD DR,43.538378,-116.297306,"R1376770090,R1376770100"
14.82,4,1.83,,individual,City of Boise:I-1,Low,0.785,440 N CLOVERDALE RD,43.609032,-116.332958,"R9313390191,R9313390201,R9313390210,S1110325803"
13.47,2,4.62,,individual,City of Boise:I-1,Low,0.493,6850 W TARGEE ST,43.584531,-116.266486,"R3138970095,R3138970410"
13.18,1,2.72,,individual,Ada County:R1,Low,0.758,11301 W ARABIAN WAY,43.563644,-116.323146,S1127438500
12.69,1,3.85,,individual,City of Meridian:R-4,Low,0.699,4300 N RED HORSE WAY,43.645183,-116.383277,R3508200010
12.47,2,4.77,,individual,"Ada County:M3, Ada County:RSW",Low,0.555,3750 S COLE RD,43.568209,-116.271426,"S1030315115,S1030325538"
11.41,2,4.91,,individual,Ada County:RR,Low,0.424,8810 S STEWART RD,43.522306,-116.340942,"S1409427910,S1409428050"
11.38,2,2.32,,individual,Ada County:RSW,Low,0.718,12408 W AMITY RD,43.561984,-116.3372,"S1128449083,S1128449096"
11.22,1,3.94,,individual,Ada County:C2,Low,0.702,6381 S FIVE MILE RD,43.54485,-116.316522,S1403110375
10.77,4,0.9,,individual,"City of Meridian:C-C, City of Meridian:L-O",Low,0.737,1300 S TEARE AVE,43.591559,-116.380161,"R8257510025,R8461250120,R8461250136,R8461250359"
10.5,4,2.16,,individual,"City of Boise:A-1, City of Boise:I-1, City of Boise:R-1C",Low,0.618,878 N DAWN DR,43.612835,-116.32763,"R2024605500,R2024605725,R2024605750,R9313390120"
10.4,3,3.52,,individual,"City of Boise:A-1, City of Boise:MX-1, City of Boise:R-1C",Low,0.371,E ARCH ST,43.632555,-116.318403,"R8904000325,S1103110280,S1103110481"
10.24,2,3.16,,individual,"Ada County:R1, Ada County:RSW",Low,0.287,4981 S FIVE MILE RD,43.55838,-116.316096,"S1134110080,S1134110115"
10.07,3,4.19,,individual,"Ada County:R4, Ada County:R6",Low,0.269,4721 S CHEX WAY,43.559571,-116.286946,"R1080000080,R6052960590,R8222940140"
10.02,3,4.41,,individual,City of Boise:A-1,Low,0.455,5100 N TUMBLEWEED PL,43.65168,-116.326252,"S0527346655,S0527346710,S0527346750"
9.19,5,1.61,,individual,"City of Boise:A-1, City of Boise:R-1A, City of Boise:R-2",Low,0.63,11901 W THOMAS DR,43.60295,-116.331158,"R1956160160,S1115223101,S1115223121,S1115223161,S1115223600"
9.18,2,3.41,,individual,Ada County:RUT,Low,0.619,W USTICK RD,43.632441,-116.399895,"S1201120626,S1201120641"
8.86,3,4.69,,individual,Ada County:R2,Low,0.42,7500 S FIVE MILE RD,43.534029,-116.312135,"R2910520200,R2910520290,R2909521110"
8.66,1,3.66,,individual,Ada County:R2,Low,0.801,11511 W LAKE HAZEL RD,43.545501,-116.325665,S1403212411
8.58,1,4.43,,individual,City of Boise:A-1,Low,0.636,334 S COLE RD,43.600462,-116.273186,S1018223606
8.1,1,3.75,,individual,City of Boise:A-1,Low,0.672,4350 N COLONIAL PARK WAY,43.645121,-116.345914,S0533212600
8.09,4,0.87,,individual,"Ada County:R1, Ada County:RUT, City of Meridian:R-15",Low,0.665,S LOCUST GROVE RD,43.601865,-116.371441,"R7824440010,R7824440040,S1117223440,S1117223580"
8.07,1,3.18,,individual,City of Boise:A-1,Low,0.656,9851 W IRVING ST,43.614861,-116.305724,R1096251675
8.01,1,4.83,,individual,City of Boise:I-1,Low,0.861,519 N ALLUMBAUGH ST,43.609592,-116.267558,R1009000750
8.0,3,0.57,,individual,City of Meridian:R-4,Low,0.476,2000 E WOODBRIDGE DR,43.600348,-116.36958,"R8020700680,R8020701520,R8020701680"
7.86,4,2.56,,individual,"Ada County:R1, City of Meridian:R-8",Low,0.483,E BLUE HERON ST,43.625329,-116.389871,"R7039000371,R8521481130,R8521481540,R8521481550"
7.69,1,3.55,,individual,Ada County:R1,Low,0.784,2695 W VICTORY RD,43.574615,-116.427656,S1226212560
7.38,1,3.31,,individual,City of Meridian:L-O,Low,0.756,1855 E HERITAGE PARK LN,43.639325,-116.370573,R2122120410
7.17,2,4.29,,individual,Ada County:R2,Low,0.301,S CHOCTAW WAY,43.555635,-116.291278,"R7332820590,R7332820710"
6.99,1,1.61,,individual,City of Boise:A-1,Low,0.788,2030 S SUMPTER WAY,43.584046,-116.330522,R6989270800
6.91,1,1.37,,individual,City of Boise:A-1,Low,0.499,12275 W BRADDOCK DR,43.598841,-116.335229,R2107160451
6.87,3,4.33,,individual,"City of Boise:A-1, City of Boise:R-1B",Low,0.763,7850 W FLORENCE ST,43.616442,-116.279826,"S1112120686,S1112120692,S1112120703"
6.76,1,3.15,,individual,City of Boise:A-1,Low,0.77,2675 N SHAMROCK AVE,43.6297,-116.325471,S1103244210
6.69,2,4.05,,individual,City of Meridian:R-4,Low,0.764,W CHATEAU DR,43.625952,-116.42789,"R8221530230,S1202315000"
6.64,1,2.19,,individual,Ada County:RSW,Low,0.563,4055 S CLOVERDALE RD,43.566054,-116.335678,R1366240020
6.5,1,3.4,,individual,Ada County:RUT,Low,0.675,N VENABLE LN,43.629382,-116.404853,S1201244510
6.49,2,1.78,,individual,Ada County:RSW,Low,0.612,3399 S CLOVERDALE RD,43.572401,-116.337679,"S1128110100,S1128110151"
6.37,4,4.78,,individual,City of Boise:A-1,Low,0.78,3160 S BEVERLY ST,43.574302,-116.268128,"R3719090481,R3719090501,R3719090675,R3719091525"
6.24,2,0.63,,individual,City of Meridian:R-4,Low,0.72,2400 E THREE BARS DR,43.583487,-116.365584,"R5330160640,S1120244600"
6.22,3,0.98,,individual,"Ada County:R1, Ada County:RUT, City of Boise:R-1A",Low,0.717,4330 E OVERLAND RD,43.591134,-116.340067,"R7555000060,R7555000111,S1116438903"
6.13,1,4.92,,individual,City of Meridian:C-N,Low,0.729,3680 W USTICK RD,43.634603,-116.43971,S0434438850
6.08,1,4.53,,individual,Ada County:R6,Low,0.629,6350 S SEA BREEZE WAY,43.544743,-116.298188,R1376630010
5.95,2,3.69,,individual,"Ada County:LO, Ada County:R8",Low,0.61,6291 S ALMIRA WAY,43.54593,-116.322606,"R0240370101,R3526470090"
5.89,2,1.73,,individual,City of Boise:R-1A,Low,0.179,2600 S SUMPTER PL,43.578723,-116.32772,"R6989400200,R6989410060"
5.86,3,3.38,,individual,"City of Meridian:C-N, City of Meridian:L-O",Low,0.762,E LEIGH FIELD DR,43.640529,-116.373601,"R2122120100,R2122120200,R2122120700"
5.8,1,2.94,,individual,Ada County:RUT,Low,0.548,3145 S LINDER RD,43.575982,-116.415323,S1223449000
5.73,2,4.46,,individual,"Ada County:RUT, City of Meridian:R-2",Low,0.782,E DUNWOODY CT,43.656123,-116.371263,"R1966962602,R1966962790"
5.71,2,4.27,,individual,City of Boise:A-1,Low,0.558,11211 W MCMILLAN RD,43.646723,-116.321479,"R3594270900,R3594290250"
5.48,1,1.07,,individual,City of Meridian:R-4,Low,0.717,3930 E EASY JET DR,43.580794,-116.346103,R8230060150
5.38,1,2.32,,individual,Ada County:RUT,Low,0.648,E AMITY RD,43.558766,-116.367577,S1132212710
5.06,1,3.24,,individual,Ada County:RUT,Low,0.529,S FRANCINE LN,43.578466,-116.422863,R5443270500
5.05,1,4.23,,individual,City of Boise:A-1,Low,0.562,3801 N JULLION WAY,43.639694,-116.308031,S0535314850
5.04,1,4.99,,individual,Ada County:RR,Low,0.69,4615 E FAITH LN,43.521902,-116.336393,R1096330075
5.0,1,4.92,,individual,Ada County:RUT,Low,0.707,3735 S BLACK CAT RD,43.571376,-116.455028,R3616230040
4.99,1,2.54,,individual,Ada County:RUT,Low,0.664,1440 E MARY LN,43.557007,-116.376634,S1131141950
4.93,4,4.08,,individual,"Ada County:RUT, City of Meridian:R-4",Low,0.279,N RED HORSE WAY,43.648829,-116.384354,"R5147490020,R5147490040,R5147490050,R7689810020"
4.9,1,2.3,,individual,Ada County:RUT,Low,0.708,4940 S LOCUST GROVE RD,43.559819,-116.373168,S1132223210
4.86,1,2.34,,individual,Ada County:RUT,Low,0.679,1385 E AMITY RD,43.560295,-116.377543,S1131110075
4.7,1,4.77,,individual,Ada County:RSW,Low,0.701,6514 S MAPLE GROVE RD,43.543505,-116.292947,S1401223400
4.69,1,4.08,,individual,Ada County:RUT,Low,0.669,S NOVA LN,43.588371,-116.44215,S1222121110
4.62,2,3.52,,individual,City of Boise:I-1,Low,0.755,8924 W FRANKLIN RD,43.60557,-116.293051,"S1112336113,S1112336122"
4.54,1,1.83,,individual,City of Boise:A-1,Low,0.477,11505 W THOMAS DR,43.600625,-116.326334,R8399000510
4.36,1,1.03,,individual,Ada County:R1,Low,0.371,E FRANKLIN RD,43.606807,-116.362333,S1108438460
4.36,2,4.42,,individual,"Ada County:R6, Ada County:RUT",Low,0.364,3299 S MAVERICK LN,43.573049,-116.276524,"S1125110115,S1125110310"
4.35,2,2.46,,individual,"City of Boise:R-1A, City of Boise:R-1C",Low,0.444,2272 S FIVE MILE RD,43.582823,-116.312039,"S1123234005,S1123325550"
4.27,1,4.93,,individual,Ada County:RUT,Low,0.56,W FRANKLIN RD,43.605466,-116.457695,S1209449101
4.16,2,3.38,,individual,City of Boise:I-1,Low,0.41,1 N MAPLE GROVE RD,43.605256,-116.295971,"S1111449153,S1111449187"
4.14,1,1.58,,individual,City of Boise:A-1,Low,0.437,12250 W FRANKLIN RD,43.605505,-116.335359,S1109449909
4.12,1,3.47,,individual,Ada County:RSW,Low,0.614,10370 W HIGHLANDER RD,43.556632,-116.311681,R1317000020
4.1,2,3.15,,individual,Ada County:R1,Low,0.496,4452 S FIVE MILE RD,43.56252,-116.312911,"S1126336080,S1126336127"
4.1,2,3.99,,individual,City of Meridian:C-N,Low,0.653,N LOCUST GROVE RD,43.649881,-116.373469,"R9525350200,S0529336230"
4.07,1,2.02,,individual,Ada County:RSW,Low,0.561,4430 W BOTT LN,43.567502,-116.338746,S1128417450
4.01,2,1.58,,individual,"City of Boise:R-1B, City of Boise:R-1C",Low,0.531,11800 W OVERLAND RD,43.59064,-116.329268,"R0500410460,S1115336550"
4.0,1,1.32,,individual,City of Meridian:I-L,Low,0.76,3649 E COMMERCIAL CT,43.609034,-116.348906,R1527260080
4.0,1,3.65,,individual,Ada County:RSW,Low,0.581,9850 W HIGHLANDER RD,43.556966,-116.306214,R1317000060
3.92,2,1.82,,individual,City of Meridian:I-L,Low,0.785,2950 E JEWEL ST,43.618187,-116.358071,"R8525100950,R8525101100"
3.91,1,1.74,,individual,Ada County:RUT,Low,0.646,105 E ROSALYN DR,43.582431,-116.393022,R2114050015
3.78,1,3.26,,individual,City of Meridian:L-O,Low,0.448,N LINDER RD,43.621829,-116.411328,S1201336109
3.73,1,4.86,,individual,City of Meridian:R-4,Low,0.213,W BELLTOWER DR,43.643681,-116.426718,R1079900010
3.72,1,3.31,,individual,Ada County:RUT,Low,0.758,W AMITY RD,43.560309,-116.410672,S1236222560
3.69,2,4.11,,individual,City of Boise:R-1C,Low,0.398,13203 W PALA MESA DR,43.651877,-116.346906,"R5199250580,R5199260105"
3.67,2,2.81,,individual,City of Meridian:R-4,Low,0.342,2850 N GRENADIER WAY,43.630964,-116.3419,"R7366230570,R7366250490"
3.63,1,3.25,,individual,City of Boise:R-1C,Low,0.422,13163 W FRINGETREE ST,43.637794,-116.345939,R7200810680
3.6,1,1.41,,individual,City of Boise:R-1B,Low,0.304,12511 W MUIR RIDGE DR,43.579972,-116.338112,R5887710170
3.6,1,4.35,,individual,City of Boise:R-1B,Low,0.405,14400 W TALON CREEK DR,43.654941,-116.362654,R0607040160
3.49,2,1.24,,individual,Ada County:RUT,Low,0.49,E VICTORY RD,43.575206,-116.370017,"S1129223005,S1129223100"
3.47,1,2.64,,individual,Ada County:R4,Low,0.81,12400 W ROCKHAMPTON ST,43.557765,-116.337358,R7533450180
3.4,2,3.07,,individual,City of Boise:I-1,Low,0.797,9878 W EMERALD ST,43.610139,-116.304903,"R1573680427,R1573680477"
3.4,1,3.51,,individual,City of Boise:R-1C,Low,0.514,2626 S MAPLE GROVE RD,43.578895,-116.293075,S1124336155
3.4,1,3.76,,individual,City of Meridian:R-4,Low,0.541,W LAKE HAZEL RD,43.545776,-116.400638,R5125250060
3.37,1,3.47,,individual,City of Meridian:R-4,Low,0.447,2740 E WAINWRIGHT DR,43.642221,-116.361051,R9846870140
3.15,3,3.4,,individual,City of Boise:I-1,Low,0.705,9249 W EMERALD ST,43.610354,-116.297247,"R1573670180,R1573670190,R1573670200"
3.15,1,3.45,,individual,City of Boise:A-1,Low,0.62,8995 W SHOUP DR,43.598138,-116.292541,S1113233822
3.13,1,4.41,,individual,City of Boise:R-1C,Low,0.697,8953 W USTICK RD,43.632979,-116.293486,R4767440033
3.12,2,4.46,,individual,City of Meridian:R-4,Low,0.731,TBD,43.63341,-116.429078,"R9311720100,R9311720200"
3.11,1,4.21,,individual,Ada County:RUT,Low,0.328,4000 W VICTORY RD,43.577975,-116.442809,S1222438510
3.05,1,2.9,,individual,Ada County:R4,Low,0.528,5575 S APSLEY WAY,43.553218,-116.338478,R7533520010
2.96,1,3.05,,individual,Ada County:R6,Low,0.509,10070 W SENECA DR,43.569596,-116.308266,S1126244550
2.94,2,2.4,,individual,City of Boise:R-1A,Low,0.718,10830 W VICTORY RD,43.576348,-116.317065,"R2847060006,R2847060007"
2.93,2,0.96,,individual,"City of Meridian:R-4, City of Meridian:R-8",Low,0.172,E DWORSHAK CT,43.578525,-116.365931,"R7851180240,R8028170010"
2.91,2,1.65,,individual,City of Meridian:R-2,Low,0.227,3550 E KINGSBRIDGE DR,43.569365,-116.350271,"R4947170091,R4947170130"
2.9,1,4.95,,individual,City of Meridian:I-L,Low,0.781,3915 N TEN MILE RD,43.639858,-116.43455,S0434417426
2.87,2,3.35,,individual,Ada County:R2,Low,0.649,W LYLE ST,43.570434,-116.300821,"R1171010207,R1171020093"
2.86,1,4.32,,individual,Ada County:R4,Low,0.415,9201 W SAGEBRUSH DR,43.549774,-116.297206,R9473780380
2.85,1,3.13,,individual,Ada County:RUT,Low,0.439,3220 E LAKE HAZEL RD,43.546948,-116.353393,S1133336411
2.81,2,2.97,,individual,City of Boise:R-1B,Low,0.36,9705 W WICHITA ST,43.585961,-116.302107,"R5211710710,R9388330260"
2.8,1,4.02,,individual,Ada County:RSW,Low,0.339,10310 W LAKE HAZEL RD,43.547126,-116.309542,S1135336540
2.78,1,4.96,,individual,City of Meridian:R-4,Low,0.167,W MCMILLAN RD,43.64791,-116.422947,R1079940230
2.77,2,3.97,,individual,Ada County:R6,Low,0.243,W THUNDER MOUNTAIN DR,43.565153,-116.290423,"R8222920120,R8222930010"
2.69,2,1.54,,individual,City of Meridian:I-L,Low,0.754,E PINE AVE,43.611674,-116.346604,"R7138500050,R7138500060"
2.69,1,2.85,,individual,Ada County:R1,Low,0.546,115 S LINDER RD,43.603351,-116.415615,R8956000211
2.68,1,3.21,,individual,Ada County:R6,Low,0.624,6020 S APSLEY WAY,43.548507,-116.338294,R7533620200
2.64,1,4.48,,individual,Ada County:R4,Low,0.164,3520 S LOWER FORK WAY,43.569888,-116.276718,R1607690440
2.6,2,3.3,,individual,"Ada County:C1, Ada County:LO",Low,0.74,12200 W LAKE HAZEL RD,43.547271,-116.334964,"R7533670020,R7533670030"
2.6,1,4.18,,individual,City of Boise:R-1B,Low,0.726,5251 N ICE SPRINGS WAY,43.652334,-116.363752,R0607030400
2.6,1,4.71,,individual,Ada County:R4,Low,0.187,W HARMONICA WAY,43.549739,-116.28686,R2814180350
2.57,2,0.71,,individual,"Ada County:R1, City of Meridian:R-4",Low,0.183,E WOODBRIDGE DR,43.598495,-116.372179,"R5299900053,R8020701180"
2.57,1,4.48,,individual,City of Meridian:R-4,Low,0.697,750 E JOSHUA TREE DR,43.654529,-116.384419,R7689821340
2.56,1,1.45,,individual,City of Meridian:I-L,Low,0.77,3503 E PINE AVE,43.611577,-116.350971,R7138490040
2.56,2,2.52,,individual,City of Meridian:R-4,Low,0.705,3379 S KENTUCKY WAY,43.573906,-116.405062,"R4882810570,R4882890010"
2.56,1,4.06,,individual,City of Boise:I-1,Low,0.619,2101 S SATURN WAY,43.583937,-116.280445,S1124131281
2.55,1,2.74,,individual,Ada County:R6,Low,0.423,4911 S WHITMORE WAY,43.558699,-116.331162,R9403110150
2.55,1,3.32,,individual,City of Boise:I-1,Low,0.253,9352 W EMERALD ST,43.611033,-116.299916,R1573670105
2.54,1,0.42,,individual,City of Meridian:L-O,Low,0.739,2045 E OVERLAND RD,43.589834,-116.368772,R7406020070
2.53,1,1.27,,individual,City of Meridian:I-L,Low,0.712,4375 E COMMERCIAL CT,43.609102,-116.351549,R1527260041
2.53,2,4.39,,individual,Ada County:RUT,Low,0.75,N LARKWOOD PL,43.65433,-116.381353,"R5147490150,R5147490180"
2.49,1,4.39,,individual,City of Meridian:R-4,Low,0.343,4650 N BLISSFUL AVE,43.646795,-116.405344,R9351140460
2.48,1,4.68,,individual,City of Meridian:R-4,Low,0.665,762 E SEGUNDO ST,43.657427,-116.384414,R7689831990
2.47,1,3.56,,individual,Ada County:RSW,Low,0.363,10458 W LA GRANGE LN,43.554346,-116.312323,R6115310200
2.47,1,3.64,,individual,City of Boise:I-1,Low,0.557,W EMERALD ST,43.610598,-116.292887,R8120820500
2.44,2,3.44,,individual,City of Boise:R-1C,Low,0.534,13759 W WAINWRIGHT DR,43.641378,-116.353357,"R9318750010,R9318750030"
2.43,1,3.81,,individual,City of Boise:A-1,Low,0.778,8303 W VINCENT ST,43.586885,-116.28501,S1124212521
2.42,1,4.94,,individual,City of Boise:I-1,Low,0.474,6755 W VICTORY RD,43.574247,-116.265215,R3719090121
2.41,1,3.88,,individual,Ada County:RUT,Low,0.681,W JARVIS CT,43.555236,-116.419476,R6934730170
2.41,1,4.3,,individual,City of Meridian:R-4,Low,0.774,N DEBUSSY WAY,43.653806,-116.36981,R9025670200
2.4,1,0.62,,individual,City of Meridian:R-4,Low,0.207,S THORNWOOD WAY,43.599787,-116.366875,R8020710640
2.37,1,4.57,,individual,Ada County:R4,Low,0.425,7941 S RAFAEL WAY,43.529936,-116.328915,R1293320110
2.35,2,1.62,,individual,City of Meridian:R-4,Low,0.279,E EISENHOWER DR,43.614192,-116.350905,"R1618760350,R1618770190"
2.35,1,4.67,,individual,City of Boise:I-1,Low,0.764,W BETHEL ST,43.606166,-116.269582,S1007336231
2.35,1,4.7,,individual,Ada County:R6,Low,0.279,9136 W PATINA DR,43.543073,-116.295476,R1376790180
2.32,1,2.32,,individual,City of Boise:R-1B,Low,0.33,10751 W DIVIDE PASS DR,43.583447,-116.316009,R8048660040
2.29,2,3.1,,individual,City of Meridian:R-4,Low,0.333,W WATERBURY DR,43.627421,-116.401009,"R9242180630,R9242190300"
2.27,1,1.52,,individual,City of Meridian:I-L,Low,0.61,281 N BALTIC PL,43.608067,-116.381529,R5672030310
2.24,1,4.97,,individual,City of Kuna:R-6,Low,0.513,3463 W COMMEMORATION AVE,43.545617,-116.436955,R5665700860
2.22,1,4.64,,individual,Ada County:C1,Low,0.707,6200 S MAPLE GROVE RD,43.54604,-116.293191,R5793840321
2.21,1,1.68,,individual,Ada County:M1,Low,0.728,E BROADWAY ST,43.609436,-116.384083,S1107325810
2.2,1,2.54,,individual,City of Meridian:R-4,Low,0.318,1397 W ROOSTERFISH ST,43.596261,-116.411194,R5464350310
2.2,2,2.96,,individual,City of Meridian:R-2,Low,0.703,5743 S SUBLIMITY AVE,43.552411,-116.384884,"R0476000260,R0476000280"
2.19,1,4.91,,individual,City of Boise:R-1C,Low,0.227,9480 W MCMILLAN RD,43.648691,-116.301984,S0526438405
2.18,1,2.95,,individual,City of Boise:R-1B,Low,0.167,9800 W MOSSY CUP ST,43.578606,-116.304953,R1294360250
2.18,1,4.78,,individual,Ada County:M1,Low,0.718,119 N BLACK CAT RD,43.605674,-116.454464,S1209449550
2.15,1,1.6,,individual,City of Boise:I-1,Low,0.616,12509 W MONSANTO ST,43.608713,-116.338758,R8536771410
2.14,1,0.6,,individual,Ada County:R1,Low,0.788,S JADE AVE,43.592128,-116.348934,R4626240075
2.14,1,4.85,,individual,Ada County:RUT,Low,0.523,W OVERLAND RD,43.591037,-116.45778,S1216449020
2.1,2,3.29,,individual,City of Meridian:I-L,Low,0.58,2422 W FRANKLIN RD,43.605338,-116.423904,"R1389350070,R1389350085"
2.07,1,1.77,,individual,City of Meridian:R-4,Low,0.211,E CONGRESSIONAL DR,43.616124,-116.34937,R1618780120
2.06,1,4.43,,individual,City of Meridian:R-4,Low,0.17,N COOL RIVER AVE,43.641838,-116.416443,R1789190150
2.05,1,4.34,,individual,City of Meridian:L-O,Low,0.162,N SUMMIT WAY,43.64727,-116.401882,R1333210130
2.04,1,1.92,,individual,City of Boise:I-1,Low,0.774,12152 W EXECUTIVE DR,43.611559,-116.333722,R9313390017
2.03,2,3.42,,individual,City of Boise:R-1C,Low,0.741,9524 W IRVING ST,43.616234,-116.300769,"R8281004106,R8281004107"
2.0,1,4.49,,individual,Ada County:R1,Low,0.623,8027 S CLOVERDALE RD,43.529675,-116.335309,R1016100200
2.0,2,4.6,,individual,City of Boise:A-1,Low,0.765,7250 W SORENSEN DR,43.574544,-116.27209,"R8043260070,R8043260110"
2.0,1,4.93,,individual,Ada County:RUT,Low,0.619,W VIEW PL,43.592503,-116.45949,S1216438612
1.99,1,4.31,,individual,Ada County:RR,Low,0.727,E COLUMBIA RD,43.531156,-116.379992,S1407120600
1.9,1,3.01,,individual,Ada County:RUT,Low,0.585,3525 S LINDER RD,43.572641,-116.41481,S1226110550
1.9,1,4.11,,individual,Ada County:RUT,Low,0.694,4952 N LARKWOOD PL,43.649864,-116.379643,R5147490315
1.87,1,2.68,,individual,City of Meridian:R-4,Low,0.608,5689 S MONTAGUE WAY,43.553127,-116.359685,R7977060100
1.84,1,2.12,,individual,City of Meridian:L-O,Low,0.684,235 SW 5TH AVE,43.602763,-116.400447,R8533750600
1.82,1,4.83,,individual,Ada County:C1,Low,0.738,4601 S COLE RD,43.560443,-116.274705,S1136110010
1.81,1,3.29,,individual,City of Meridian:C-N,Low,0.797,1627 N LINDER RD,43.619678,-116.414291,R1386900153
1.8,1,2.34,,individual,City of Meridian:R-4,Low,0.247,S REDHEAD AVE,43.597108,-116.407151,R5135430020
1.79,1,2.09,,individual,City of Boise:I-1,Low,0.547,11515 W EXECUTIVE DR,43.608811,-116.326172,R9313390310
1.79,1,4.81,,individual,City of Meridian:R-4,Low,0.186,W MCMILLAN RD,43.648207,-116.417411,R1079980340
1.78,1,3.94,,individual,Ada County:R4,Low,0.25,12565 W ORION GREENS ST,43.537321,-116.338572,R8792620880
1.74,1,2.8,,individual,City of Meridian:R-4,Low,0.189,S GRAPHITE WAY,43.551687,-116.366949,R0988260290
1.74,1,4.85,,individual,Ada County:RSW,Low,0.784,6810 S MAPLE GROVE RD,43.541323,-116.293658,S1401233660
1.72,1,4.57,,individual,Ada County:R6,Low,0.221,S COLE RD,43.564629,-116.277639,S1125449200
1.69,1,2.76,,individual,Ada County:R1,Low,0.403,515 S LINDER RD,43.599822,-116.414997,R8956001691
1.68,1,2.57,,individual,City of Meridian:R-4,Low,0.691,W JACKSNIPE DR,43.594652,-116.41216,R5464350860
1.68,1,2.75,,individual,Ada County:R6,Low,0.541,11681 W FENCHURCH ST,43.560124,-116.327767,R8039170340
1.68,1,4.58,,individual,City of Meridian:R-4,Low,0.365,2248 E BARCLAY LN,43.658048,-116.366244,R8442260500
1.66,1,2.5,,individual,City of Boise:I-1,Low,0.714,10880 W EXECUTIVE DR,43.610617,-116.318076,R9313403070
1.64,1,2.59,,individual,City of Meridian:R-4,Low,0.622,2520 E MORES TRAIL DR,43.554413,-116.362622,R8048400470
1.63,1,3.16,,individual,City of Boise:I-1,Low,0.777,9704 W EMERALD ST,43.610131,-116.302948,R1573670022
1.62,1,4.75,,individual,City of Meridian:R-4,Low,0.661,N LAMBERT WAY,43.61384,-116.450914,R1317520550
1.61,1,2.54,,individual,City of Meridian:R-4,Low,0.167,S BENTWATERS WAY,43.555251,-116.358835,R7977530440
1.6,1,3.25,,individual,City of Boise:I-1,Low,0.678,9544 W EMERALD ST,43.610131,-116.301023,R1573670065
1.59,1,2.89,,individual,Ada County:R6,Low,0.585,4700 S WAKES PL,43.560461,-116.32296,R8039190150
1.58,1,1.65,,individual,City of Meridian:R-4,Low,0.825,3775 E BRENTOR ST,43.570153,-116.34738,R4947180290
1.58,1,1.88,,individual,City of Boise:R-1A,Low,0.243,2520 S GATEWOOD LN,43.580751,-116.326741,R6989630840
1.57,1,1.24,,individual,City of Meridian:I-L,Low,0.731,2095 E COMMERCIAL ST,43.609177,-116.367933,R5175520060
1.57,1,2.94,,individual,City of Boise:I-1,Low,0.787,10096 W EMERALD ST,43.610378,-116.307846,R1573680384
1.57,1,4.54,,individual,City of Meridian:R-4,Low,0.278,N STARRY NIGHT AVE,43.656561,-116.37768,R5432490470
1.55,1,4.6,,individual,City of Meridian:R-4,Low,0.206,N TEN MILE RD,43.631251,-116.43502,R2391300020
1.54,1,2.85,,individual,Ada County:R1,Low,0.654,E USTICK RD,43.63314,-116.36481,S1105212407
1.53,1,1.27,,individual,City of Meridian:I-L,Low,0.737,2017 E COMMERCIAL ST,43.609183,-116.369443,R5175520040
1.49,1,3.5,,individual,City of Meridian:L-O,Low,0.698,2150 W CHERRY LN,43.619557,-116.419576,S1202438802
1.48,1,3.26,,individual,City of Meridian:R-2,Low,0.73,6597 S NETHERFIELD WAY,43.544787,-116.360864,R4857090400
1.46,1,4.93,,individual,City of Meridian:R-4,Low,0.724,N BLACK CAT RD,43.627131,-116.446574,S1203244500
1.45,1,4.75,,individual,Ada County:R4,Low,0.367,S MANDOLIN WAY,43.547793,-116.288089,R2814150290
1.44,1,4.28,,individual,City of Boise:R-1C,Low,0.248,13120 W PALA MESA DR,43.652888,-116.345661,R5199260260
1.41,1,2.42,,individual,Ada County:RUT,Low,0.754,1385 E AMITY RD,43.559569,-116.379504,S1131110125
1.39,1,3.0,,individual,City of Boise:R-1A,Low,0.922,1730 S COTTERELL WAY,43.588458,-116.30123,R5710411180
1.39,1,3.45,,individual,City of Meridian:I-L,Low,0.664,2700 W FRED SMITH ST,43.605312,-116.427391,S1211346842
1.39,1,4.58,,individual,City of Meridian:R-4,Low,0.525,N TOWERBRIDGE WAY,43.640179,-116.423763,R1080070010
1.38,1,1.6,,individual,City of Meridian:I-L,Low,0.755,3983 E PINE AVE,43.611663,-116.344158,R7138500110
1.38,1,4.02,,individual,City of Meridian:R-4,Low,0.38,E PEACH SPRINGS ST,43.647131,-116.38649,R1487750310
1.35,1,4.32,,individual,City of Boise:R-1A,Low,0.546,W EMERALD ST,43.611873,-116.279023,S1112417315
1.34,1,4.4,,individual,City of Boise:I-1,Low,0.425,2807 S COLE RD,43.577189,-116.275348,R8048070044
1.33,1,2.66,,individual,City of Meridian:R-4,Low,0.266,W RIODOSA CT,43.572759,-116.407057,R4882830480
1.33,1,3.81,,individual,Ada County:R1,Low,0.782,6892 S CLOVERDALE RD,43.540469,-116.333832,R3610220090
1.31,1,3.12,,individual,Ada County:R1,Low,0.478,W ASPEN COVE DR,43.581226,-116.421383,R0548010358
1.3,1,4.04,,individual,Ada County:R6,Low,0.171,S MAPLE GROVE RD,43.56137,-116.291993,R6052960080
1.29,1,2.42,,individual,Ada County:R4,Low,0.282,11202 W ARABIAN DR,43.563764,-116.332289,R1570370260
1.29,1,4.02,,individual,Ada County:RUT,Low,0.359,N LLAMA LN,43.637322,-116.41121,S0436336190
1.28,1,0.73,,individual,City of Meridian:L-O,Low,0.712,2515 S EAGLE RD,43.582192,-116.354986,R8441870270
1.27,1,2.7,,individual,City of Boise:R-1B,Low,0.852,10040 W QUAILSTONE ST,43.589313,-116.307102,R5710410200
1.26,1,0.86,,individual,City of Meridian:R-4,Low,0.646,S ELKHOUND AVE,43.586265,-116.37611,R8075800020
1.26,1,2.02,,individual,City of Boise:R-1B,Low,0.343,11166 W SOUTHERLAND CT,43.58763,-116.321059,R8048690510
1.26,1,2.34,,individual,Ada County:R1,Low,0.613,3100 S TERRA DR,43.575281,-116.320116,R1277000330
1.26,1,4.52,,individual,City of Boise:I-1,Low,0.635,S COLE RD,43.576483,-116.27321,R1709400011
1.25,1,3.89,,individual,Ada County:C1,Low,0.514,4585 S MAPLE GROVE RD,43.56165,-116.295455,S1126449950
1.24,1,1.45,,individual,City of Meridian:I-L,Low,0.741,1375 E COMMERCIAL DR,43.60928,-116.377304,R7326471700
1.24,1,2.49,,individual,City of Meridian:R-4,Low,0.412,E TAHITI DR,43.626832,-116.348567,R7366290332
1.23,1,2.97,,individual,City of Meridian:R-4,Low,0.771,3955 E USTICK RD,43.633354,-116.344803,S1104212415
1.23,1,4.4,,individual,City of Boise:R-1C,Low,0.327,8459 W CORY CT,43.628019,-116.288328,R8442300090
1.19,1,2.01,,individual,City of Meridian:R-4,Low,0.613,1884 E MELWOOD ST,43.563751,-116.371059,R2517150390
1.19,1,3.25,,individual,Ada County:RUT,Low,0.308,N LINDER RD,43.568217,-116.416855,S1226417350
1.19,1,4.87,,individual,City of Kuna:R-6,Low,0.167,S DIAMOND RIVER AVE,43.530811,-116.409222,R6888700340
1.18,1,4.63,,individual,City of Boise:I-1,Low,0.706,7150 W VICTORY RD,43.57623,-116.270963,R5680520030
1.18,1,4.81,,individual,City of Boise:R-1C,Low,0.546,7696 W NORTHVIEW ST,43.627523,-116.278205,R0539006750
1.17,1,1.11,,individual,City of Meridian:I-L,Low,0.739,1267 E KALISPELL ST,43.601585,-116.378534,R5652610800
1.16,1,2.44,,individual,City of Meridian:R-4,Low,0.357,W GREENHEAD DR,43.601364,-116.407939,S1213212410
1.16,1,3.02,,individual,City of Meridian:R-4,Low,0.291,E JARVIS CT,43.552455,-116.386726,R7824250640
1.16,1,3.67,,individual,City of Boise:R-1B,Low,0.24,W HARTFORD DR,43.644967,-116.358173,R5433780290
1.16,1,4.27,,individual,City of Boise:R-1C,Low,0.357,8200 W FAIRVIEW AVE,43.621272,-116.285684,R2733060263
1.16,1,4.66,,individual,City of Meridian:L-O,Low,0.651,3175 N TEN MILE RD,43.633417,-116.434281,S1203110005
1.15,1,1.55,,individual,City of Meridian:R-4,Low,0.519,2931 E TIBER DR,43.569543,-116.357871,R5680360400
1.15,1,2.6,,individual,City of Meridian:R-4,Low,0.415,3849 S KENTUCKY WAY,43.569633,-116.402706,R0953760210
1.15,1,4.12,,individual,City of Meridian:R-4,Low,0.361,4801 N RED HORSE WAY,43.648751,-116.385897,R7689810200
1.13,1,2.58,,individual,City of Meridian:I-L,Low,0.778,1116 W TAYLOR AVE,43.608495,-116.406987,R0843730140
1.13,1,4.49,,individual,Ada County:R6,Low,0.634,3223 S COLE RD,43.573789,-116.274818,S1125110131
1.12,1,2.6,,individual,Ada County:RUT,Low,0.767,1770 E MARY LN,43.555135,-116.372105,R8847000040
1.12,1,3.3,,individual,City of Meridian:R-4,Low,0.236,NW 11TH AVE,43.626425,-116.406542,S1201314801
1.12,1,4.79,,individual,City of Meridian:R-4,Low,0.173,W PINE AVE,43.612748,-116.452204,R1317520230
1.11,1,2.21,,individual,Ada County:RUT,Low,0.712,1251 E PITKIN AVE,43.5626,-116.378463,R2037740180
1.11,1,3.48,,individual,Ada County:R4,Low,0.371,4237 S SILVEROAK WAY,43.564458,-116.302624,R8048250060
1.1,1,1.09,,individual,City of Meridian:I-L,Low,0.752,2890 E LANARK ST,43.607654,-116.358476,R6510590010
1.1,1,1.51,,individual,City of Meridian:I-L,Low,0.753,2730 E STATE AVE,43.613759,-116.360527,R3073780100
1.1,1,1.66,,individual,City of Meridian:R-2,Low,0.626,939 E PINE AVE,43.611717,-116.379829,R6576001380
1.09,1,3.39,,individual,Ada County:C1,Low,0.562,12050 W LAKE HAZEL RD,43.547218,-116.333108,R5120006837
1.09,1,3.89,,individual,City of Boise:R-1C,Low,0.779,1630 N MAPLE GROVE RD,43.620228,-116.293568,R3046500271
1.08,1,3.8,,individual,City of Meridian:R-4,Low,0.215,4642 N CAMAS CREEK WAY,43.646859,-116.363198,R9846860130
1.07,1,2.55,,individual,City of Boise:I-1,Low,0.593,10830 W EXECUTIVE DR,43.610576,-116.316975,R9313404030
1.07,1,2.73,,individual,Ada County:R2,Low,0.65,3551 S FIVE MILE RD,43.570671,-116.314928,S1127141810
1.07,1,2.79,,individual,City of Meridian:R-4,Low,0.204,W ASPEN COVE DR,43.583501,-116.415354,R8048720260
1.07,1,4.54,,individual,Ada County:RUT,Low,0.791,1906 E DUNWOODY CT,43.657411,-116.367908,R1966961700
1.06,1,2.7,,individual,City of Meridian:R-4,Low,0.749,1012 W SMOKEY LAKE CT,43.571771,-116.40706,R0953780420
1.06,1,3.02,,individual,City of Boise:I-1,Low,0.693,9944 W EMERALD ST,43.610145,-116.306008,R1573680450
1.06,1,3.89,,individual,City of Boise:R-1C,Low,0.699,10250 W USTICK RD,43.63427,-116.309631,S0535336030
1.06,1,4.64,,individual,City of Kuna:R-4,Low,0.748,3720 W PISCINA DR,43.557131,-116.440263,R3239710740
1.05,1,1.78,,individual,City of Meridian:R-4,Low,0.219,S TERRI PL,43.568546,-116.345799,R4947190050
1.04,1,1.57,,individual,City of Meridian:R-4,Low,0.347,E PRESIDENTIAL DR,43.6133,-116.350248,R1618760440
1.04,1,3.14,,individual,Ada County:RSW,Low,0.785,9900 W SENECA DR,43.56976,-116.306131,S1126244295
1.04,1,3.29,,individual,City of Boise:I-1,Low,0.722,9320 W FRANKLIN RD,43.605441,-116.297833,R2918430082
1.04,1,4.21,,individual,City of Boise:I-1,Low,0.775,2958 S JUPITER AVE,43.576059,-116.279662,R8954120160
1.04,1,4.73,,individual,City of Boise:R-1C,Low,0.243,14350 W BATTENBERG DR,43.660417,-116.361244,R1083910110
1.04,1,4.96,,individual,City of Boise:R-1C,Low,0.58,W WESTVIEW DR,43.651623,-116.305737,R9323810210
1.03,1,3.67,,individual,Ada County:R1,Low,0.759,3745 S MAPLE GROVE RD,43.569085,-116.294693,R1171020156
1.03,1,3.95,,individual,Ada County:R1,Low,0.698,7080 S CLOVERDALE RD,43.53821,-116.333654,R3610200070
1.02,1,2.25,,individual,City of Meridian:R-4,Low,0.167,S MARSALA WAY,43.559575,-116.365624,R9353170290
1.02,1,2.57,,individual,Ada County:R1,Low,0.763,W EGGERS PL,43.57972,-116.409417,R2191000040
1.01,1,2.31,,individual,City of Meridian:I-L,Low,0.728,W FRANKLIN RD,43.605153,-116.403327,S1212438750
1.01,1,3.17,,individual,City of Boise:R-1A,Low,0.706,2365 S KIMBALL ST,43.58132,-116.299151,R6744110150
1.01,1,3.66,,individual,City of Boise:I-1,Low,0.771,2887 S VICTORY VIEW WAY,43.576747,-116.29076,R9023860070
1.01,1,4.24,,individual,Ada County:R6,Low,0.228,W THUNDER MOUNTAIN DR,43.564678,-116.284983,S1125346617
1.01,1,4.28,,individual,City of Meridian:R-4,Low,0.631,W WHITESTONE CT,43.630007,-116.428453,R2816780100
1.01,1,4.47,,individual,Ada County:RUT,Low,0.779,E DUNWOODY CT,43.65639,-116.367911,R1966962100
1.01,1,4.75,,individual,City of Meridian:R-4,Low,0.456,W NIEMANN DR,43.633249,-116.43678,R2391290250
1.0,1,1.11,,individual,City of Meridian:I-L,Low,0.784,1957 E LANARK ST,43.606518,-116.370015,R5302770055
1.0,1,1.82,,individual,City of Boise:R-1A,Low,0.775,11950 W VICTORY RD,43.57651,-116.33135,S1122336500
1.0,1,2.21,,individual,City of Boise:I-1,Low,0.749,11477 W PRESIDENT DR,43.610712,-116.325137,R9313390480
