Property Name,Floorplan,Unit,Floor,Bedrooms,Bathrooms,Partial Bathrooms,SF,Available On,Deposit,Term,Est AMI Level,Last Asking Rent,Asking Rent PSF,Last Effective Rent,Effective Rent PSF,On Market Date,Off Market Date,Days on Market,Days Vacant
Seasons at Meridian,S1,H110,1,0,1,,517,8/16/2024,,14,80%,1145,2.21,981,1.9,2024-06-01,2024-12-10,193,117
Seasons at Meridian,S1,H110,1,0,1,,517,2/18/2026,,,80%,1275,2.47,1177,2.28,2025-12-23,2026-02-14,54,0
Seasons at Meridian,Studio | S1,B110,1,0,1,,517,8/23/2024,,,80%,1445,2.79,1223,2.37,2024-08-23,2024-08-31,9,9
Seasons at Meridian,Studio | S1,B110,1,0,1,,517,1/17/2025,,15,80%,1295,2.5,1262,2.44,2024-12-11,2025-01-18,39,2
Seasons at Meridian,S1,J110,1,0,1,,517,10/18/2024,,14,80%,1445,2.79,1409,2.73,2024-07-02,2024-12-11,163,55
Seasons at Meridian,S1,J110,1,0,1,,517,2/20/2026,,,80%,1299,2.51,1199,2.32,2025-12-18,2026-02-07,52,0
Seasons at Meridian,S1,B210,2,0,1,,517,8/23/2024,,,80%,1395,2.7,1180,2.28,2024-08-23,2024-08-31,9,9
Seasons at Meridian,S1,B210,2,0,1,,517,1/2/2025,,15,80%,1320,2.55,1287,2.49,2024-12-11,2025-02-11,63,41
Seasons at Meridian,S1,B210,2,0,1,,517,11/20/2025,,,80%,1325,2.56,1223,2.37,2025-10-02,2026-02-02,124,75
Seasons at Meridian,S1,E310,3,0,1,,517,3/20/2025,,12,80%,1530,2.96,1402,2.71,2025-02-08,2025-06-19,132,92
Seasons at Meridian,S1,E310,3,0,1,,517,11/16/2025,,,80%,1350,2.61,1246,2.41,2025-10-09,2026-02-20,135,97
Seasons at Meridian,Studio | S1,J210,2,0,1,,517,10/18/2024,,14,80%,1395,2.7,1359,2.63,2024-07-02,2024-12-11,163,55
Seasons at Meridian,Studio | S1,H210,2,0,1,,517,8/16/2024,,,80%,1395,2.7,1180,2.28,2024-06-01,2024-08-09,70,0
Seasons at Meridian,Studio | S1,E210,2,0,1,,517,2/9/2025,,12,80%,1420,2.75,1256,2.43,2025-02-08,2025-03-28,49,48
Seasons at Meridian,Studio | S1,J310,3,0,1,,517,10/18/2024,,12,80%,1420,2.75,1201,2.32,2024-07-02,2024-12-01,153,45
Seasons at Meridian,Studio | S1,D110,1,0,1,,517,5/21/2025,,12,80%,1445,2.79,1325,2.56,2025-03-18,2025-04-24,38,0
Seasons at Meridian,S1,B310,3,0,1,,517,8/23/2024,,,120%,1420,2.75,1201,2.32,2024-08-23,2024-08-31,9,9
Seasons at Meridian,S1,B310,3,0,1,,517,1/17/2025,,12,120%,1530,2.96,1402,2.71,2024-12-11,2025-05-14,155,118
Seasons at Meridian,S1,B310,3,0,1,,517,5/23/2026,,,120%,1530,2.96,1412,2.73,2026-03-11,2026-04-17,38,0
Seasons at Meridian,S1,H310,3,0,1,,517,8/16/2024,,,120%,1420,2.75,1420,2.75,2024-06-01,2024-08-01,62,0
Seasons at Meridian,S1,H310,3,0,1,,517,11/30/2025,,,120%,1530,2.96,1412,2.73,2025-11-01,2026-04-15,166,137
Seasons at Meridian,S1,D210,2,0,1,,517,3/2/2026,,,120%,1299,2.51,1199,2.32,2025-12-19,2026-02-06,50,0
Seasons at Meridian,S1,D210,2,0,1,,517,7/7/2026,,,120%,1572,3.04,1572,3.04,2026-06-10,2026-06-18,9,0
Seasons at Meridian,S1,E110,1,0,1,,517,11/7/2025,,,120%,1325,2.56,1121,2.17,2025-09-12,2025-11-12,62,6
Seasons at Meridian,S1,E110,1,0,1,,517,9/24/2026,,,120%,1597,3.09,1597,3.09,2026-07-22,,31,0
Seasons at Meridian,S1,D310,3,0,1,,517,5/21/2025,,12,120%,1530,2.96,1353,2.62,2025-03-18,2025-05-29,73,9
Seasons at Meridian,S1,D310,3,0,1,,517,8/7/2026,,,120%,1622,3.14,1622,3.14,2026-04-21,2026-08-02,104,0
Seasons at Meridian,A1,D108,1,1,1,,693,5/21/2025,,,80%,1349,1.95,1141,1.65,2025-03-18,2025-12-03,261,197
Seasons at Meridian,A1,A106,1,1,1,,693,11/15/2024,,,80%,1349,1.95,1141,1.65,2024-07-20,2025-10-07,445,327
Seasons at Meridian,A1,D106,1,1,1,,693,3/19/2025,,,80%,1349,1.95,1141,1.65,2025-03-18,2025-11-20,248,247
Seasons at Meridian,A1,D111,1,1,1,,693,5/21/2025,,,80%,1349,1.95,1193,1.72,2025-03-18,2025-12-31,289,225
Seasons at Meridian,A1,E103,1,1,1,,693,3/20/2025,,,80%,1349,1.95,1141,1.65,2025-02-08,2025-11-11,277,237
Seasons at Meridian,A1,G208,2,1,1,,693,9/7/2024,,12,80%,1575,2.27,1333,1.92,2024-06-11,2024-09-21,103,15
Seasons at Meridian,A1,G208,2,1,1,,693,9/23/2025,,,80%,1349,1.95,1141,1.65,2025-08-16,2025-10-05,51,13
Seasons at Meridian,A1,C303,3,1,1,,693,5/21/2025,,,80%,1349,1.95,1141,1.65,2025-03-18,2025-11-07,235,171
Seasons at Meridian,A1,A306,3,1,1,,693,11/15/2024,,,80%,1349,1.95,1141,1.65,2024-07-20,2025-10-17,455,337
Seasons at Meridian,A1,A108,1,1,1,,693,11/15/2024,,,80%,1349,1.95,1141,1.65,2024-07-20,2025-10-24,462,344
Seasons at Meridian,A1,B111,1,1,1,,693,8/23/2024,,,80%,1610,2.32,1362,1.97,2024-08-23,2024-08-31,9,9
Seasons at Meridian,A1,B111,1,1,1,,693,1/17/2025,,,80%,1349,1.95,1141,1.65,2024-12-11,2025-10-10,304,267
Seasons at Meridian,A1,A208,2,1,1,,693,11/15/2024,,14,80%,1415,2.04,1379,1.99,2024-07-20,2024-12-24,158,40
Seasons at Meridian,A1,A208,2,1,1,,693,9/7/2025,,,80%,1349,1.95,1141,1.65,2025-08-27,2025-10-15,50,39
Seasons at Meridian,A1,B308,3,1,1,,693,8/23/2024,,,80%,1585,2.29,1341,1.94,2024-08-23,2024-08-31,9,9
Seasons at Meridian,A1,B308,3,1,1,,693,1/17/2025,,,80%,1349,1.95,1141,1.65,2024-12-11,2025-10-17,311,274
Seasons at Meridian,A1,A111,1,1,1,,693,11/15/2024,,,80%,1349,1.95,1141,1.65,2024-07-20,2025-10-01,439,321
Seasons at Meridian,A1,H103,1,1,1,,693,8/16/2024,,12,80%,1600,2.31,1354,1.95,2024-06-01,2024-09-20,112,36
Seasons at Meridian,A1,H103,1,1,1,,693,11/3/2025,,,80%,1349,1.95,1141,1.65,2025-08-20,2025-10-27,69,0
Seasons at Meridian,A1,I306,3,1,1,,693,10/8/2024,,,80%,1349,1.95,1141,1.65,2024-07-02,2025-10-08,464,366
Seasons at Meridian,A1,H311,3,1,1,,693,8/16/2024,,,80%,1585,2.29,1341,1.94,2024-06-01,2024-08-26,87,11
Seasons at Meridian,A1,H311,3,1,1,,693,10/12/2025,,,80%,1349,1.95,1141,1.65,2025-08-06,2025-09-28,54,0
Seasons at Meridian,One Bedroom | A1,H208,2,1,1,,693,8/16/2024,,12,80%,1385,2,1172,1.69,2024-06-01,2024-11-03,156,80
Seasons at Meridian,One Bedroom | A1,J211,2,1,1,,693,10/18/2024,,14,80%,1385,2,1349,1.95,2024-07-02,2025-01-05,188,80
Seasons at Meridian,One Bedroom | A1,J208,2,1,1,,693,10/18/2024,,14,80%,1385,2,1349,1.95,2024-07-02,2025-01-03,186,78
Seasons at Meridian,One Bedroom | A1,H205,2,1,1,,693,8/16/2024,,12,80%,1575,2.27,1333,1.92,2024-06-01,2024-11-01,154,78
Seasons at Meridian,One Bedroom | A1,H205,2,1,1,,693,5/7/2025,,12,80%,1395,2.01,1234,1.78,2025-04-01,2025-04-13,13,0
Seasons at Meridian,One Bedroom | A1,H211,2,1,1,,693,8/16/2024,,12,80%,1395,2.01,1180,1.7,2024-06-01,2024-11-05,158,82
Seasons at Meridian,A1,B205,2,1,1,,693,8/23/2024,,,80%,1575,2.27,1333,1.92,2024-08-23,2024-08-31,9,9
Seasons at Meridian,A1,B205,2,1,1,,693,1/17/2025,,15,80%,1425,2.06,1392,2.01,2024-12-11,2025-03-04,84,47
Seasons at Meridian,A1,B205,2,1,1,,693,10/4/2025,,,80%,1399,2.02,1184,1.71,2025-09-24,2025-10-02,9,0
Seasons at Meridian,A1,D211,2,1,1,,693,5/21/2025,,,80%,1399,2.02,1237,1.78,2025-03-18,2026-01-08,297,233
Seasons at Meridian,A1,F206,2,1,1,,693,3/20/2025,,,80%,1399,2.02,1237,1.78,2025-02-08,2026-01-21,348,308
Seasons at Meridian,A1,E108,1,1,1,,693,3/20/2025,,,80%,1399,2.02,1237,1.78,2025-02-08,2026-01-08,335,295
Seasons at Meridian,A1,E308,3,1,1,,693,3/20/2025,,,80%,1399,2.02,1237,1.78,2025-02-08,2025-12-19,315,275
Seasons at Meridian,A1,E311,3,1,1,,693,3/20/2025,,,80%,1399,2.02,1184,1.71,2025-02-08,2025-12-14,310,270
Seasons at Meridian,A1,D205,2,1,1,,693,5/21/2025,,,80%,1399,2.02,1184,1.71,2025-03-18,2025-12-13,271,207
Seasons at Meridian,A1,D206,2,1,1,,693,3/19/2025,,,80%,1399,2.02,1184,1.71,2025-03-18,2025-12-06,264,263
Seasons at Meridian,A1,D308,3,1,1,,693,5/21/2025,,,80%,1399,2.02,1184,1.71,2025-03-18,2025-11-20,248,184
Seasons at Meridian,A1,F303,3,1,1,,693,3/20/2025,,12,80%,1545,2.23,1367,1.97,2025-02-08,2025-03-16,37,0
Seasons at Meridian,A1,F303,3,1,1,,693,11/11/2025,,,80%,1399,2.02,1184,1.71,2025-10-28,2025-11-16,20,6
Seasons at Meridian,A1,A206,2,1,1,,693,11/15/2024,,15,80%,1410,2.03,1377,1.99,2024-07-20,2025-02-26,222,104
Seasons at Meridian,A1,A206,2,1,1,,693,12/9/2025,,,80%,1399,2.02,1184,1.71,2025-09-24,2025-11-11,49,0
Seasons at Meridian,A1,C306,3,1,1,,693,5/21/2025,,,80%,1399,2.02,1184,1.71,2025-03-18,2025-11-06,234,170
Seasons at Meridian,A1,B311,3,1,1,,693,8/23/2024,,,80%,1585,2.29,1341,1.94,2024-08-23,2024-08-31,9,9
Seasons at Meridian,A1,B311,3,1,1,,693,1/17/2025,,,80%,1399,2.02,1184,1.71,2024-12-11,2025-11-01,326,289
Seasons at Meridian,A1,G203,2,1,1,,693,9/7/2024,,14,80%,1385,2,1349,1.95,2024-06-11,2024-12-17,190,102
Seasons at Meridian,A1,G203,2,1,1,,693,9/20/2025,,,80%,1399,2.02,1184,1.71,2025-07-16,2025-09-27,74,8
Seasons at Meridian,A1,J308,3,1,1,,693,10/18/2024,,,80%,1399,2.02,1184,1.71,2024-07-02,2025-09-30,456,348
Seasons at Meridian,A1,A209,2,1,1,,693,11/15/2024,,,80%,1399,2.02,1184,1.71,2024-07-20,2025-10-04,442,324
Seasons at Meridian,A1,E105,1,1,1,,693,3/20/2025,,,80%,1399,2.02,1184,1.71,2025-02-08,2025-10-24,259,219
Seasons at Meridian,A1,J105,1,1,1,,693,10/18/2024,,,80%,1349,1.95,1141,1.65,2024-07-02,2025-09-28,454,346
Seasons at Meridian,A1,J105,1,1,1,,693,4/19/2026,,,80%,1400,2.02,1292,1.86,2026-02-13,2026-02-23,11,0
Seasons at Meridian,One Bedroom | A1,I211,2,1,1,,693,10/8/2024,,14,80%,1400,2.02,1364,1.97,2024-07-02,2025-01-07,190,92
Seasons at Meridian,A1,D208,2,1,1,,693,5/21/2025,,,80%,1400,2.02,1292,1.86,2025-03-18,2026-02-13,333,269
Seasons at Meridian,One Bedroom | A1,I206,2,1,1,,693,10/8/2024,,15,80%,1410,2.03,1377,1.99,2024-07-02,2025-01-12,195,97
Seasons at Meridian,One Bedroom | A1,J205,2,1,1,,693,10/18/2024,,12,80%,1425,2.06,1306,1.88,2024-07-02,2025-03-08,250,142
Seasons at Meridian,A1,D203,2,1,1,,693,5/21/2025,,,80%,1425,2.06,1315,1.9,2025-03-18,2026-01-31,320,256
Seasons at Meridian,One Bedroom | A1,G111,1,1,1,,693,9/7/2024,,12,80%,1425,2.06,1260,1.82,2024-06-11,2025-03-20,283,195
Seasons at Meridian,One Bedroom | A1,H308,3,1,1,,693,8/16/2024,,12,80%,1435,2.07,1269,1.83,2024-06-01,2025-04-01,305,229
Seasons at Meridian,One Bedroom | A1,G306,3,1,1,,693,9/7/2024,,12,80%,1435,2.07,1269,1.83,2024-06-18,2025-03-14,270,189
Seasons at Meridian,One Bedroom | A1,G303,3,1,1,,693,9/7/2024,,15,80%,1435,2.07,1402,2.02,2024-06-18,2025-03-04,260,179
Seasons at Meridian,One Bedroom | A1,J111,1,1,1,,693,10/18/2024,,14,80%,1435,2.07,1399,2.02,2024-07-02,2024-12-31,183,75
Seasons at Meridian,A1,I103,1,1,1,,693,10/8/2024,,,80%,1449,2.09,1226,1.77,2024-07-02,2025-09-26,452,354
Seasons at Meridian,One Bedroom | A1,J103,1,1,1,,693,10/18/2024,,15,80%,1450,2.09,1417,2.04,2024-07-02,2025-02-05,219,111
Seasons at Meridian,A1,H105,1,1,1,,693,8/16/2024,,12,80%,1425,2.06,1206,1.74,2024-06-01,2024-10-30,152,76
Seasons at Meridian,A1,H105,1,1,1,,693,5/7/2026,,,80%,1475,2.13,1361,1.96,2026-02-07,2026-03-06,28,0
Seasons at Meridian,A1,B208,2,1,1,,693,8/23/2024,,,80%,1560,2.25,1320,1.9,2024-08-23,2024-08-31,9,9
Seasons at Meridian,A1,B208,2,1,1,,693,1/17/2025,,12,80%,1470,2.12,1300,1.88,2024-12-11,2025-03-25,105,68
Seasons at Meridian,A1,B208,2,1,1,,693,2/28/2026,,,80%,1475,2.13,1361,1.96,2026-02-14,2026-02-26,13,0
Seasons at Meridian,One Bedroom | A1,G106,1,1,1,,693,9/7/2024,,15,80%,1430,2.06,1397,2.02,2024-06-11,2025-02-14,249,161
Seasons at Meridian,One Bedroom | A1,G106,1,1,1,,693,8/21/2025,,12,80%,1475,2.13,1352,1.95,2025-07-15,2025-08-17,34,0
Seasons at Meridian,A1,H108,1,1,1,,693,8/16/2024,,14,80%,1435,2.07,1230,1.77,2024-06-01,2024-12-07,190,114
Seasons at Meridian,A1,H108,1,1,1,,693,12/7/2025,,,80%,1475,2.13,1361,1.96,2025-10-30,2026-03-02,124,86
Seasons at Meridian,A1,G109,1,1,1,,693,9/7/2024,,15,80%,1425,2.06,1392,2.01,2024-06-11,2025-02-22,257,169
Seasons at Meridian,A1,G109,1,1,1,,693,12/3/2025,,,80%,1475,2.13,1305,1.88,2025-09-19,2025-12-20,93,18
Seasons at Meridian,One Bedroom | A1,J106,1,1,1,,693,10/18/2024,,12,80%,1480,2.14,1309,1.89,2024-07-02,2025-03-15,257,149
Seasons at Meridian,One Bedroom | A1,C203,2,1,1,,693,5/21/2025,,12,80%,1485,2.14,1314,1.9,2025-03-18,2025-04-10,24,0
Seasons at Meridian,One Bedroom | A1,F203,2,1,1,,693,3/20/2025,,12,80%,1485,2.14,1361,1.96,2025-02-08,2025-03-08,29,0
Seasons at Meridian,A1,B203,2,1,1,,693,8/23/2024,,,80%,1575,2.27,1333,1.92,2024-08-23,2024-08-31,9,9
Seasons at Meridian,A1,B203,2,1,1,,693,12/18/2024,,14,80%,1400,2.02,1364,1.97,2024-12-11,2025-01-01,22,15
Seasons at Meridian,A1,B203,2,1,1,,693,11/22/2025,,,80%,1490,2.15,1375,1.98,2025-09-29,2026-02-15,140,86
Seasons at Meridian,A1,A203,2,1,1,,693,11/15/2024,,15,80%,1410,2.03,1377,1.99,2024-07-20,2025-01-24,189,71
Seasons at Meridian,A1,A203,2,1,1,,693,2/16/2026,,,80%,1490,2.15,1375,1.98,2026-01-21,2026-03-07,46,20
Seasons at Meridian,A1,C211,2,1,1,,693,10/19/2025,,,80%,1490,2.15,1375,1.98,2025-09-13,2026-02-24,165,129
Seasons at Meridian,A1,C206,2,1,1,,693,5/21/2025,,12,80%,1485,2.14,1314,1.9,2025-03-18,2025-04-11,25,0
Seasons at Meridian,A1,C206,2,1,1,,693,2/9/2026,,,80%,1490,2.15,1375,1.98,2025-12-20,2026-02-26,69,18
Seasons at Meridian,One Bedroom | A1,I108,1,1,1,,693,10/8/2024,,12,80%,1495,2.16,1322,1.91,2024-07-02,2025-04-09,282,184
Seasons at Meridian,One Bedroom | A1,I106,1,1,1,,693,10/8/2024,,12,80%,1499,2.16,1249,1.8,2024-07-02,2025-09-16,442,344
Seasons at Meridian,One Bedroom | A1,I111,1,1,1,,693,10/8/2024,,12,80%,1499,2.16,1249,1.8,2024-07-02,2025-09-09,435,337
Seasons at Meridian,One Bedroom | A1,B103,1,1,1,,693,8/23/2024,,,80%,1600,2.31,1354,1.95,2024-08-23,2024-08-31,9,9
Seasons at Meridian,One Bedroom | A1,B103,1,1,1,,693,1/17/2025,,12,80%,1510,2.18,1336,1.93,2024-12-11,2025-04-06,117,80
Seasons at Meridian,One Bedroom | A1,F211,2,1,1,,693,3/20/2025,,15,80%,1510,2.18,1477,2.13,2025-02-08,2025-02-14,7,0
Seasons at Meridian,One Bedroom | A1,F209,2,1,1,,693,3/20/2025,,15,80%,1510,2.18,1477,2.13,2025-02-08,2025-02-18,11,0
Seasons at Meridian,One Bedroom | A1,A211,2,1,1,,693,11/15/2024,,12,80%,1520,2.19,1344,1.94,2024-07-20,2025-04-10,265,147
Seasons at Meridian,A1,F103,1,1,1,,693,3/20/2025,,12,80%,1535,2.22,1407,2.03,2025-02-08,2025-03-11,32,0
Seasons at Meridian,A1,F103,1,1,1,,693,2/4/2026,,,80%,1540,2.22,1421,2.05,2026-01-08,2026-02-19,43,16
Seasons at Meridian,One Bedroom | A1,I208,2,1,1,,693,10/8/2024,,12,80%,1545,2.23,1416,2.04,2024-07-02,2025-04-16,289,191
Seasons at Meridian,A1,E208,2,1,1,,693,3/20/2025,,,80%,1349,1.95,1141,1.65,2025-02-08,2025-12-02,298,258
Seasons at Meridian,A1,E208,2,1,1,,693,5/7/2026,,,80%,1549,2.24,1430,2.06,2026-03-27,2026-04-17,22,0
Seasons at Meridian,A1,C109,1,1,1,,693,5/21/2025,,,80%,1550,2.24,1311,1.89,2025-03-18,2025-10-31,228,164
Seasons at Meridian,One Bedroom | A1,C111,1,1,1,,693,5/11/2025,,12,80%,1555,2.24,1425,2.06,2025-03-18,2025-04-28,42,0
Seasons at Meridian,One Bedroom | A1,C108,1,1,1,,693,5/21/2025,,12,80%,1555,2.24,1425,2.06,2025-03-18,2025-04-27,41,0
Seasons at Meridian,One Bedroom | A1,D103,1,1,1,,693,5/11/2025,,12,80%,1555,2.24,1425,2.06,2025-03-28,2025-04-29,33,0
Seasons at Meridian,A1,C103,1,1,1,,693,5/21/2025,,,80%,1565,2.26,1324,1.91,2025-03-18,2025-10-08,205,141
Seasons at Meridian,A1,G206,2,1,1,,693,9/7/2024,,14,80%,1385,2,1349,1.95,2024-06-11,2024-12-19,192,104
Seasons at Meridian,A1,G206,2,1,1,,693,3/8/2026,,,80%,1565,2.26,1384,2,2025-12-18,2026-01-10,24,0
Seasons at Meridian,A1,D105,1,1,1,,693,5/9/2025,,,80%,1570,2.27,1449,2.09,2025-03-18,2026-03-17,365,313
Seasons at Meridian,One Bedroom | A1,F208,2,1,1,,693,3/16/2025,,12,80%,1570,2.27,1389,2,2025-02-08,2025-03-24,45,9
Seasons at Meridian,A1,B108,1,1,1,,693,8/23/2024,,,80%,1610,2.32,1362,1.97,2024-08-23,2024-08-31,9,9
Seasons at Meridian,A1,B108,1,1,1,,693,1/17/2025,,12,80%,1575,2.27,1444,2.08,2024-12-11,2025-07-06,208,171
Seasons at Meridian,A1,B108,1,1,1,,693,5/13/2026,,,80%,1575,2.27,1454,2.1,2026-03-07,2026-04-22,47,0
Seasons at Meridian,A1,E211,2,1,1,,693,3/20/2025,,,80%,1575,2.27,1333,1.92,2025-02-08,2025-10-10,245,205
Seasons at Meridian,One Bedroom | A1,H206,2,1,1,,693,8/16/2024,,12,80%,1575,2.27,1333,1.92,2024-06-01,2024-11-09,162,86
Seasons at Meridian,One Bedroom | A1,C208,2,1,1,,693,5/21/2025,,12,80%,1580,2.28,1448,2.09,2025-03-18,2025-05-01,45,0
Seasons at Meridian,One Bedroom | A1,C209,2,1,1,,693,5/21/2025,,12,80%,1580,2.28,1448,2.09,2025-03-18,2025-04-29,43,0
Seasons at Meridian,One Bedroom | A1,J311,3,1,1,,693,10/18/2024,,12,80%,1585,2.29,1402,2.02,2024-07-02,2025-08-28,423,315
Seasons at Meridian,A1,F111,1,1,1,,693,3/20/2025,,12,80%,1575,2.27,1444,2.08,2025-02-08,2025-06-24,137,97
Seasons at Meridian,A1,F111,1,1,1,,693,7/2/2026,,,80%,1585,2.29,1463,2.11,2026-04-03,2026-04-24,22,0
Seasons at Meridian,One Bedroom | A1,C106,1,1,1,,693,5/21/2025,,12,80%,1590,2.29,1458,2.1,2025-03-18,2025-06-18,93,29
Seasons at Meridian,A1,I303,3,1,1,,693,8/30/2024,,12,80%,1585,2.29,1341,1.94,2024-07-02,2024-09-16,77,18
Seasons at Meridian,A1,I303,3,1,1,,693,12/7/2025,,,80%,1590,2.29,1345,1.94,2025-10-08,2025-11-19,43,0
Seasons at Meridian,A1,I209,2,1,1,,693,10/8/2024,,12,80%,1590,2.29,1458,2.1,2024-07-02,2025-07-19,383,285
Seasons at Meridian,A1,I209,2,1,1,,693,6/6/2026,,,80%,1595,2.3,1472,2.12,2026-03-21,2026-04-24,35,0
Seasons at Meridian,One Bedroom | A1,E205,2,1,1,,693,3/20/2025,,12,80%,1600,2.31,1467,2.12,2025-02-08,2025-06-16,129,89
Seasons at Meridian,One Bedroom | A1,A109,1,1,1,,693,11/15/2024,,12,80%,1600,2.31,1467,2.12,2024-07-20,2025-08-12,389,271
Seasons at Meridian,One Bedroom | A1,G103,1,1,1,,693,9/8/2024,,,80%,1610,2.32,1610,2.32,2024-06-11,2024-06-30,20,0
Seasons at Meridian,A1,J206,2,1,1,,693,10/18/2024,,15,80%,1425,2.06,1392,2.01,2024-07-02,2025-02-04,218,110
Seasons at Meridian,A1,J206,2,1,1,,693,6/9/2026,,,80%,1625,2.34,1625,2.34,2026-04-03,2026-05-28,56,0
Seasons at Meridian,A1,F306,3,1,1,,693,3/20/2025,,12,80%,1665,2.4,1526,2.2,2025-02-08,2025-07-21,164,124
Seasons at Meridian,A1,F306,3,1,1,,693,1/14/2026,,,80%,1640,2.37,1514,2.18,2026-01-08,2026-02-28,52,46
Seasons at Meridian,A1,E203,2,1,1,,693,3/9/2025,,12,80%,1520,2.19,1344,1.94,2025-03-08,2025-04-08,32,31
Seasons at Meridian,A1,E203,2,1,1,,693,6/24/2026,,,80%,1650,2.38,1650,2.38,2026-04-11,2026-05-03,23,0
Seasons at Meridian,A1,I203,2,1,1,,693,10/8/2024,,14,80%,1385,2,1349,1.95,2024-07-02,2024-12-20,172,74
Seasons at Meridian,A1,I203,2,1,1,,693,5/18/2025,,12,80%,1499,2.16,1374,1.98,2025-04-16,2025-08-04,111,79
Seasons at Meridian,A1,I203,2,1,1,,693,8/16/2026,,,80%,1668,2.41,1668,2.41,2026-06-18,2026-06-27,10,0
Seasons at Meridian,A1,B211,2,1,1,,693,8/23/2024,,,80%,1560,2.25,1320,1.9,2024-08-23,2024-08-31,9,9
Seasons at Meridian,A1,B211,2,1,1,,693,1/17/2025,,12,80%,1485,2.14,1314,1.9,2024-12-11,2025-04-01,112,75
Seasons at Meridian,A1,B211,2,1,1,,693,7/9/2026,,,80%,1668,2.41,1668,2.41,2026-04-13,2026-07-11,90,3
Seasons at Meridian,A1,J108,1,1,1,,693,10/18/2024,,12,80%,1600,2.31,1467,2.12,2024-07-02,2025-07-26,390,282
Seasons at Meridian,A1,J108,1,1,1,,693,8/17/2026,,,80%,1678,2.42,1678,2.42,2026-06-11,2026-06-27,17,0
Seasons at Meridian,A1,B106,1,1,1,,693,8/23/2024,,,80%,1600,2.31,1354,1.95,2024-08-23,2024-08-31,9,9
Seasons at Meridian,A1,B106,1,1,1,,693,1/17/2025,,12,80%,1520,2.19,1344,1.94,2024-12-11,2025-04-14,125,88
Seasons at Meridian,A1,B106,1,1,1,,693,8/1/2026,,,80%,1678,2.42,1678,2.42,2026-05-08,2026-06-27,51,0
Seasons at Meridian,A1,E106,1,1,1,,693,3/20/2025,,12,80%,1600,2.31,1467,2.12,2025-02-08,2025-07-13,156,116
Seasons at Meridian,A1,E106,1,1,1,,693,7/25/2026,,,80%,1678,2.42,1678,2.42,2026-05-28,2026-06-18,22,0
Seasons at Meridian,A1,B105,1,1,1,,693,8/23/2024,,,80%,1600,2.31,1354,1.95,2024-08-23,2024-08-31,9,9
Seasons at Meridian,A1,B105,1,1,1,,693,1/17/2025,,15,80%,1425,2.06,1392,2.01,2024-12-11,2025-01-10,31,0
Seasons at Meridian,A1,B105,1,1,1,,693,7/29/2026,,,80%,1678,2.42,1678,2.42,2026-02-28,2026-06-18,111,0
Seasons at Meridian,A1,F108,1,1,1,,693,3/20/2025,,12,80%,1575,2.27,1444,2.08,2025-02-08,2025-07-02,145,105
Seasons at Meridian,A1,F108,1,1,1,,693,8/5/2026,,,80%,1678,2.42,1678,2.42,2026-05-29,2026-06-27,30,0
Seasons at Meridian,A1,F109,1,1,1,,693,3/20/2025,,12,80%,1575,2.27,1444,2.08,2025-02-08,2025-07-01,144,104
Seasons at Meridian,A1,F109,1,1,1,,693,7/11/2026,,,80%,1678,2.42,1678,2.42,2026-07-09,2026-07-10,2,0
Seasons at Meridian,A1,A103,1,1,1,,693,11/15/2024,,,80%,1349,1.95,1141,1.65,2024-07-20,2025-10-08,446,328
Seasons at Meridian,A1,A103,1,1,1,,693,8/3/2026,,,80%,1693,2.44,1693,2.44,2026-06-14,2026-06-27,14,0
Seasons at Meridian,A1,H106,1,1,1,,693,8/16/2024,,12,80%,1425,2.06,1206,1.74,2024-06-01,2024-10-31,153,77
Seasons at Meridian,A1,H106,1,1,1,,693,6/4/2025,,12,80%,1510,2.18,1384,2,2025-06-03,2025-08-05,64,63
Seasons at Meridian,A1,H106,1,1,1,,693,10/2/2026,,,80%,1703,2.46,1703,2.46,2026-08-19,,3,0
Seasons at Meridian,A1,J203,2,1,1,,693,10/18/2024,,12,80%,1475,2.13,1352,1.95,2024-07-02,2025-08-01,396,288
Seasons at Meridian,A1,J203,2,1,1,,693,8/9/2026,,,80%,1703,2.46,1703,2.46,2026-06-18,2026-07-27,40,0
Seasons at Meridian,A1,E111,1,1,1,,693,3/20/2025,,12,120%,1590,2.29,1458,2.1,2025-02-08,2025-04-29,81,41
Seasons at Meridian,A1,E111,1,1,1,,693,7/18/2026,,,120%,1713,2.47,1713,2.47,2026-05-28,2026-06-18,22,0
Seasons at Meridian,A1,H111,1,1,1,,693,8/16/2024,,,120%,1610,2.32,1362,1.97,2024-06-01,2024-09-01,93,17
Seasons at Meridian,A1,H111,1,1,1,,693,3/19/2026,,,120%,1575,2.27,1454,2.1,2026-01-21,2026-03-06,45,0
Seasons at Meridian,A1,H111,1,1,1,,693,10/7/2026,,,120%,1715,2.47,1715,2.47,2026-07-22,2026-08-12,22,0
Seasons at Meridian,A1,I109,1,1,1,,693,10/8/2024,,15,120%,1435,2.07,1402,2.02,2024-07-02,2025-02-19,233,135
Seasons at Meridian,A1,I109,1,1,1,,693,9/8/2026,,,120%,1715,2.47,1715,2.47,2026-08-13,2026-08-18,6,0
Seasons at Meridian,A1,G108,1,1,1,,693,9/7/2024,,15,120%,1450,2.09,1417,2.04,2024-06-11,2025-02-11,246,158
Seasons at Meridian,A1,G108,1,1,1,,693,3/7/2026,,,120%,1475,2.13,1361,1.96,2026-01-28,2026-02-26,30,0
Seasons at Meridian,A1,G108,1,1,1,,693,9/24/2026,,,120%,1715,2.47,1715,2.47,2026-07-20,,33,0
Seasons at Meridian,A1,F106,1,1,1,,693,3/20/2025,,,120%,1349,1.95,1141,1.65,2025-02-08,2025-10-30,265,225
Seasons at Meridian,A1,F106,1,1,1,,693,8/18/2026,,,120%,1718,2.48,1718,2.48,2026-06-18,2026-06-27,10,0
Seasons at Meridian,A1,A303,3,1,1,,693,11/15/2024,,,120%,1349,1.95,1141,1.65,2024-07-20,2025-10-09,447,329
Seasons at Meridian,A1,A303,3,1,1,,693,8/25/2026,,,120%,1718,2.48,1718,2.48,2026-06-23,2026-06-27,5,0
Seasons at Meridian,A1,G209,2,1,1,,693,9/7/2024,,12,120%,1575,2.27,1333,1.92,2024-06-18,2024-09-28,103,22
Seasons at Meridian,A1,G209,2,1,1,,693,9/7/2025,,12,120%,1600,2.31,1467,2.12,2025-06-26,2025-07-01,6,0
Seasons at Meridian,A1,G209,2,1,1,,693,Now,,,120%,1728,2.49,1728,2.49,2026-07-09,,44,13
Seasons at Meridian,A1,H203,2,1,1,,693,7/9/2024,,,120%,1575,2.27,1333,1.92,2024-06-01,2024-08-17,78,40
Seasons at Meridian,A1,H203,2,1,1,,693,8/30/2026,,,120%,1728,2.49,1728,2.49,2026-06-25,,58,0
Seasons at Meridian,A1,G211,2,1,1,,693,9/7/2024,,14,120%,1400,2.02,1364,1.97,2024-06-18,2024-12-19,185,104
Seasons at Meridian,A1,G211,2,1,1,,693,9/13/2026,,,120%,1735,2.5,1735,2.5,2026-07-14,,39,0
Seasons at Meridian,A1,B206,2,1,1,,693,8/23/2024,,,120%,1575,2.27,1333,1.92,2024-08-23,2024-08-31,9,9
Seasons at Meridian,A1,B206,2,1,1,,693,1/17/2025,,15,120%,1425,2.06,1392,2.01,2024-12-11,2025-02-16,68,31
Seasons at Meridian,A1,B206,2,1,1,,693,8/22/2025,,12,120%,1525,2.2,1398,2.02,2025-07-17,2025-08-04,19,0
Seasons at Meridian,A1,B206,2,1,1,,693,9/6/2026,,,120%,1735,2.5,1735,2.5,2026-06-25,,58,0
Seasons at Meridian,A1,D311,3,1,1,,693,5/21/2025,,12,120%,1685,2.43,1490,2.15,2025-03-18,2025-06-05,80,16
Seasons at Meridian,A1,D311,3,1,1,,693,7/16/2026,,,120%,1738,2.51,1738,2.51,2026-05-28,2026-06-18,22,0
Seasons at Meridian,A2,B104,1,1,1,,746,8/23/2024,,,80%,1714,2.3,1450,1.94,2024-08-23,2024-08-31,9,9
Seasons at Meridian,A2,B104,1,1,1,,746,1/17/2025,,,80%,1450,1.94,1338,1.79,2024-12-11,2026-03-05,450,413
Seasons at Meridian,A2,G210,2,1,1,,746,9/7/2024,,,80%,1664,2.23,1408,1.89,2024-06-11,2024-09-08,90,2
Seasons at Meridian,A2,G210,2,1,1,,746,11/7/2025,,,80%,1465,1.96,1239,1.66,2025-08-27,2025-12-08,104,32
Seasons at Meridian,A2,C110,1,1,1,,746,5/21/2025,,,80%,1475,1.98,1361,1.82,2025-03-18,2026-02-06,326,262
Seasons at Meridian,A2,F304,3,1,1,,746,4/20/2025,,,80%,1495,2,1380,1.85,2025-04-19,2026-01-28,285,284
Seasons at Meridian,A2,C310,3,1,1,,746,5/21/2025,,,80%,1495,2,1380,1.85,2025-03-18,2026-02-10,330,266
Seasons at Meridian,A2,C304,3,1,1,,746,5/21/2025,,,80%,1495,2,1380,1.85,2025-03-18,2026-02-11,331,267
Seasons at Meridian,A2,C104,1,1,1,,746,5/21/2025,,,80%,1495,2,1322,1.77,2025-03-18,2026-01-14,303,239
Seasons at Meridian,A2,J104,1,1,1,,746,10/18/2024,,,80%,1499,2.01,1268,1.7,2024-07-02,2025-10-23,479,371
Seasons at Meridian,A2,A104,1,1,1,,746,11/15/2024,,,80%,1499,2.01,1268,1.7,2024-07-20,2025-11-06,475,357
Seasons at Meridian,A2,H204,2,1,1,,746,8/16/2024,,12,80%,1664,2.23,1408,1.89,2024-06-01,2024-09-18,110,34
Seasons at Meridian,A2,H204,2,1,1,,746,11/3/2025,,,80%,1499,2.01,1268,1.7,2025-08-29,2025-11-22,86,20
Seasons at Meridian,A2,A110,1,1,1,,746,11/15/2024,,,80%,1499,2.01,1268,1.7,2024-07-20,2025-11-26,495,377
Seasons at Meridian,A2,J204,2,1,1,,746,10/18/2024,,,80%,1499,2.01,1268,1.7,2024-07-02,2025-12-13,530,422
Seasons at Meridian,A2,H304,3,1,1,,746,8/16/2024,,,80%,1689,2.26,1429,1.92,2024-06-01,2024-08-11,72,0
Seasons at Meridian,A2,H304,3,1,1,,746,9/2/2025,,,80%,1499,2.01,1268,1.7,2025-06-21,2025-09-28,100,27
Seasons at Meridian,A2,H304,3,1,1,,746,4/12/2026,,,80%,1500,2.01,1385,1.86,2026-02-13,2026-02-24,12,0
Seasons at Meridian,A2,G110,1,1,1,,746,9/7/2024,,12,80%,1714,2.3,1450,1.94,2024-06-11,2024-09-11,93,5
Seasons at Meridian,A2,G110,1,1,1,,746,3/22/2026,,,80%,1610,2.16,1486,1.99,2026-02-07,2026-04-27,80,37
Seasons at Meridian,A2,G104,1,1,1,,746,9/7/2024,,12,80%,1714,2.3,1450,1.94,2024-06-11,2024-09-22,104,16
Seasons at Meridian,A2,G104,1,1,1,,746,9/28/2025,,,80%,1499,2.01,1268,1.7,2025-09-23,2025-10-12,20,15
Seasons at Meridian,A2,G104,1,1,1,,746,4/17/2026,,,80%,1615,2.16,1491,2,2026-03-09,2026-04-13,36,0
Seasons at Meridian,A2,I110,1,1,1,,746,9/19/2024,,12,80%,1714,2.3,1450,1.94,2024-06-22,2024-09-27,98,9
Seasons at Meridian,A2,I110,1,1,1,,746,4/24/2026,,,80%,1625,2.18,1500,2.01,2026-02-26,2026-03-31,34,0
Seasons at Meridian,A2,I304,3,1,1,,746,9/19/2024,,12,80%,1689,2.26,1429,1.92,2024-06-22,2024-10-24,125,36
Seasons at Meridian,A2,I304,3,1,1,,746,12/14/2025,,,80%,1635,2.19,1509,2.02,2025-10-04,2026-04-02,181,110
Seasons at Meridian,A2,I310,3,1,1,,746,9/19/2024,,,80%,1689,2.26,1429,1.92,2024-06-22,2024-08-17,57,0
Seasons at Meridian,A2,I310,3,1,1,,746,5/24/2026,,,80%,1635,2.19,1509,2.02,2026-03-05,2026-03-29,25,0
Seasons at Meridian,A2,I210,2,1,1,,746,9/19/2024,,12,80%,1664,2.23,1408,1.89,2024-06-22,2024-11-20,152,63
Seasons at Meridian,A2,I210,2,1,1,,746,1/5/2026,,,80%,1644,2.2,1517,2.03,2025-11-25,2026-02-18,86,45
Seasons at Meridian,A2,D204,2,1,1,,746,5/21/2025,,,80%,1644,2.2,1454,1.95,2025-03-18,2026-01-18,307,243
Seasons at Meridian,A2,G204,2,1,1,,746,9/7/2024,,12,80%,1664,2.23,1408,1.89,2024-06-11,2024-10-18,130,42
Seasons at Meridian,A2,G204,2,1,1,,746,1/13/2026,,,80%,1644,2.2,1454,1.95,2025-11-07,2025-12-16,40,0
Seasons at Meridian,A2,A210,2,1,1,,746,11/8/2024,,12,80%,1694,2.27,1412,1.89,2024-07-20,2025-09-08,416,305
Seasons at Meridian,A2,A210,2,1,1,,746,1/9/2026,,,80%,1644,2.2,1517,2.03,2025-12-20,2026-02-16,59,39
Seasons at Meridian,A2,F110,1,1,1,,746,3/20/2025,,,80%,1650,2.21,1523,2.04,2025-02-08,2026-03-14,400,360
Seasons at Meridian,One Bedroom | A2,A204,2,1,1,,746,11/15/2024,,12,80%,1664,2.23,1408,1.89,2024-07-20,2024-11-07,111,0
Seasons at Meridian,A2,C204,2,1,1,,746,5/21/2025,,,80%,1664,2.23,1472,1.97,2025-03-18,2025-12-29,287,223
Seasons at Meridian,One Bedroom | A2,B204,2,1,1,,746,8/23/2024,,,80%,1664,2.23,1408,1.89,2024-08-23,2024-08-31,9,9
Seasons at Meridian,One Bedroom | A2,B204,2,1,1,,746,1/17/2025,,12,80%,1669,2.24,1530,2.05,2024-12-11,2025-07-03,205,168
Seasons at Meridian,One Bedroom | A2,C210,2,1,1,,746,5/21/2025,,12,80%,1669,2.24,1530,2.05,2025-03-18,2025-07-08,113,49
Seasons at Meridian,A2,E104,1,1,1,,746,3/20/2025,,,80%,1689,2.26,1429,1.92,2025-02-08,2025-10-12,247,207
Seasons at Meridian,A2,B304,3,1,1,,746,8/23/2024,,,80%,1689,2.26,1429,1.92,2024-08-23,2024-08-31,9,9
Seasons at Meridian,A2,B304,3,1,1,,746,1/17/2025,,14,80%,1689,2.26,1653,2.22,2024-12-11,2025-01-05,26,0
Seasons at Meridian,A2,B304,3,1,1,,746,4/24/2026,,,80%,1689,2.26,1559,2.09,2026-02-18,2026-02-24,7,0
Seasons at Meridian,One Bedroom | A2,A310,3,1,1,,746,10/6/2024,,14,80%,1689,2.26,1653,2.22,2024-07-20,2024-12-24,158,80
Seasons at Meridian,A2,D304,3,1,1,,746,5/21/2025,,,120%,1714,2.3,1450,1.94,2025-03-18,2025-10-22,219,155
Seasons at Meridian,A2,J304,3,1,1,,746,8/16/2024,,12,120%,1689,2.26,1429,1.92,2024-07-02,2024-10-20,111,66
Seasons at Meridian,A2,J304,3,1,1,,746,1/24/2026,,,120%,1714,2.3,1582,2.12,2025-11-11,2026-03-13,123,49
Seasons at Meridian,One Bedroom | A2,I104,1,1,1,,746,9/19/2024,,12,120%,1714,2.3,1450,1.94,2024-06-22,2024-09-26,97,8
Seasons at Meridian,One Bedroom | A2,I104,1,1,1,,746,7/25/2025,,12,120%,1714,2.3,1571,2.11,2025-05-22,2025-08-08,79,15
Seasons at Meridian,A2,F210,2,1,1,,746,3/20/2025,,12,120%,1704,2.28,1562,2.09,2025-02-08,2025-07-01,144,104
Seasons at Meridian,A2,F210,2,1,1,,746,7/30/2026,,,120%,1724,2.31,1724,2.31,2026-05-06,2026-05-16,11,0
Seasons at Meridian,A2,E304,3,1,1,,746,2/9/2025,,15,120%,1689,2.26,1656,2.22,2025-02-08,2025-02-23,16,15
Seasons at Meridian,A2,E304,3,1,1,,746,6/27/2026,,,120%,1760,2.36,1760,2.36,2026-05-16,2026-07-16,62,20
Seasons at Meridian,One Bedroom | A2,E204,2,1,1,,746,3/20/2025,,12,120%,1764,2.36,1617,2.17,2025-02-08,2025-04-15,67,27
Seasons at Meridian,A2,D104,1,1,1,,746,5/8/2025,,12,120%,1749,2.34,1603,2.15,2025-03-18,2025-07-01,106,55
Seasons at Meridian,A2,D104,1,1,1,,746,7/30/2026,,,120%,1769,2.37,1769,2.37,2026-05-28,2026-06-20,24,0
Seasons at Meridian,One Bedroom | A2,F104,1,1,1,,746,3/20/2025,,12,120%,1784,2.39,1635,2.19,2025-02-08,2025-06-29,142,102
Seasons at Meridian,A2,I204,2,1,1,,746,9/10/2024,,12,120%,1664,2.23,1408,1.89,2024-06-22,2024-10-15,116,36
Seasons at Meridian,A2,I204,2,1,1,,746,11/20/2025,,,120%,1465,1.96,1296,1.74,2025-09-06,2026-01-07,124,49
Seasons at Meridian,A2,I204,2,1,1,,746,7/16/2026,,,120%,1799,2.41,1799,2.41,2026-06-11,2026-06-18,8,0
Seasons at Meridian,A2,F204,2,1,1,,746,3/20/2025,,12,120%,1764,2.36,1560,2.09,2025-02-08,2025-04-08,60,20
Seasons at Meridian,A2,F204,2,1,1,,746,7/6/2026,,,120%,1799,2.41,1799,2.41,2026-04-13,2026-07-16,95,11
Seasons at Meridian,A2,H104,1,1,1,,746,8/16/2024,,,120%,1714,2.3,1450,1.94,2024-06-01,2024-08-23,84,8
Seasons at Meridian,A2,H104,1,1,1,,746,9/13/2025,,12,120%,1714,2.3,1571,2.11,2025-07-01,2025-08-16,47,0
Seasons at Meridian,A2,H104,1,1,1,,746,9/26/2026,,,120%,1844,2.47,1844,2.47,2026-08-19,,3,0
Seasons at Meridian,A2,G304,3,1,1,,746,7/12/2024,,12,120%,1689,2.26,1429,1.92,2024-06-11,2024-10-08,120,89
Seasons at Meridian,A2,G304,3,1,1,,746,7/30/2025,,12,120%,1700,2.28,1558,2.09,2025-07-16,2025-08-10,26,12
Seasons at Meridian,A2,G304,3,1,1,,746,8/22/2026,,,120%,1869,2.51,1869,2.51,2026-06-19,2026-08-09,52,0
Seasons at Meridian,A2,A304,3,1,1,,746,11/8/2024,,12,120%,1689,2.26,1548,2.08,2024-07-20,2025-03-12,236,125
Seasons at Meridian,A2,A304,3,1,1,,746,7/22/2026,,,120%,1869,2.51,1869,2.51,2026-05-14,2026-07-04,52,0
Seasons at Meridian,A2,G310,3,1,1,,746,9/7/2024,,,120%,1689,2.26,1429,1.92,2024-06-11,2024-09-03,85,0
Seasons at Meridian,A2,G310,3,1,1,,746,7/12/2025,,,120%,1499,2.01,1268,1.7,2025-06-22,2025-12-15,177,157
Seasons at Meridian,A2,G310,3,1,1,,746,9/27/2026,,,120%,1869,2.51,1869,2.51,2026-08-20,,2,0
Seasons at Meridian,B1,E109,1,2,2,,1092,3/20/2025,,,80%,1650,1.51,1396,1.28,2025-02-08,2025-12-07,303,263
Seasons at Meridian,B1,H209,2,2,2,,1092,8/16/2024,,,80%,1935,1.77,1637,1.5,2024-06-01,2024-08-29,90,14
Seasons at Meridian,B1,H209,2,2,2,,1092,9/30/2025,,,80%,1679,1.54,1420,1.3,2025-08-06,2025-11-10,97,42
Seasons at Meridian,B1,J309,3,2,2,,1092,9/27/2024,,,80%,1685,1.54,1426,1.31,2024-07-02,2025-10-08,464,377
Seasons at Meridian,B1,I305,3,2,2,,1092,9/19/2024,,,80%,1685,1.54,1426,1.31,2024-06-22,2025-10-30,496,407
Seasons at Meridian,Two Bedroom | B1,G205,2,2,2,,1092,9/7/2024,,14,80%,1690,1.55,1654,1.51,2024-06-11,2025-01-07,211,123
Seasons at Meridian,B1,F105,1,2,2,,1092,3/9/2025,,,80%,1695,1.55,1434,1.31,2025-02-08,2025-10-19,254,225
Seasons at Meridian,B1,D109,1,2,2,,1092,5/11/2025,,,80%,1695,1.55,1434,1.31,2025-03-18,2025-11-10,238,184
Seasons at Meridian,B1,B309,3,2,2,,1092,8/23/2024,,,80%,1960,1.79,1658,1.52,2024-08-23,2024-08-31,9,9
Seasons at Meridian,B1,B309,3,2,2,,1092,1/17/2025,,,80%,1695,1.55,1434,1.31,2024-12-11,2025-11-14,339,302
Seasons at Meridian,B1,D209,2,2,2,,1092,7/12/2025,,,80%,1699,1.56,1568,1.44,2025-07-11,2026-02-01,206,205
Seasons at Meridian,Two Bedroom | B1,I205,2,2,2,,1092,9/19/2024,,15,80%,1715,1.57,1682,1.54,2024-06-22,2025-02-14,238,149
Seasons at Meridian,Two Bedroom | B1,B209,2,2,2,,1092,8/23/2024,,,80%,1935,1.77,1637,1.5,2024-08-23,2024-08-31,9,9
Seasons at Meridian,Two Bedroom | B1,B209,2,2,2,,1092,1/2/2025,,12,80%,1715,1.57,1572,1.44,2024-12-11,2025-03-07,87,65
Seasons at Meridian,B1,D309,3,2,2,,1092,5/21/2025,,,80%,1725,1.58,1592,1.46,2025-03-18,2026-02-01,321,257
Seasons at Meridian,B1,C305,3,2,2,,1092,5/21/2025,,,80%,1735,1.59,1535,1.41,2025-03-18,2026-01-04,293,229
Seasons at Meridian,Two Bedroom | B1,B109,1,2,2,,1092,8/23/2024,,,80%,1985,1.82,1679,1.54,2024-08-23,2024-08-31,9,9
Seasons at Meridian,Two Bedroom | B1,B109,1,2,2,,1092,1/17/2025,,15,80%,1765,1.62,1732,1.59,2024-12-11,2025-02-14,66,29
Seasons at Meridian,Two Bedroom | B1,I105,1,2,2,,1092,9/19/2024,,15,80%,1765,1.62,1732,1.59,2024-06-22,2025-02-18,242,153
Seasons at Meridian,Two Bedroom | B1,H109,1,2,2,,1092,8/16/2024,,12,80%,1765,1.62,1493,1.37,2024-06-01,2024-12-03,186,110
Seasons at Meridian,B1,A205,2,2,2,,1092,11/15/2024,,15,80%,1715,1.57,1682,1.54,2024-07-20,2025-02-15,211,93
Seasons at Meridian,B1,A205,2,2,2,,1092,2/7/2026,,,80%,1799,1.65,1661,1.52,2025-12-18,2026-02-14,59,8
Seasons at Meridian,Two Bedroom | B1,H309,3,2,2,,1092,8/16/2024,,,80%,1960,1.79,1960,1.79,2024-06-01,2024-07-20,50,0
Seasons at Meridian,Two Bedroom | B1,H309,3,2,2,,1092,1/27/2025,,12,80%,1799,1.65,1499,1.37,2024-12-20,2025-08-30,254,216
Seasons at Meridian,Two Bedroom | B1,G105,1,2,2,,1092,9/7/2024,,,80%,1985,1.82,1679,1.54,2024-06-11,2024-09-06,88,0
Seasons at Meridian,Two Bedroom | B1,G105,1,2,2,,1092,5/5/2025,,12,80%,1850,1.69,1636,1.5,2025-04-01,2025-06-02,63,29
Seasons at Meridian,B1,J209,2,2,2,,1092,10/18/2024,,12,80%,1715,1.57,1572,1.44,2024-07-02,2025-03-08,250,142
Seasons at Meridian,B1,J209,2,2,2,,1092,2/15/2026,,,80%,1875,1.72,1731,1.59,2026-01-11,2026-03-08,57,22
Seasons at Meridian,Two Bedroom | B1,A105,1,2,2,,1092,11/15/2024,,12,80%,1885,1.73,1728,1.58,2024-07-20,2025-04-24,279,161
Seasons at Meridian,Two Bedroom | B1,A305,3,2,2,,1092,11/15/2024,,12,120%,1995,1.83,1765,1.62,2024-07-20,2025-05-23,308,190
Seasons at Meridian,B1,G305,3,2,2,,1092,9/7/2024,,,120%,1960,1.79,1960,1.79,2024-06-11,2024-07-28,48,0
Seasons at Meridian,B1,G305,3,2,2,,1092,3/13/2026,,,120%,1995,1.83,1841,1.69,2026-01-11,2026-04-18,98,37
Seasons at Meridian,B1,E209,2,2,2,,1092,3/20/2025,,,120%,1995,1.83,1765,1.62,2025-02-08,2026-01-21,348,308
Seasons at Meridian,B1,F305,3,2,2,,1092,3/20/2025,,,120%,2020,1.85,1709,1.57,2025-02-08,2025-10-28,263,223
Seasons at Meridian,B1,J109,1,2,2,,1092,10/18/2024,,15,120%,1765,1.62,1732,1.59,2024-07-02,2025-01-22,205,97
Seasons at Meridian,B1,J109,1,2,2,,1092,9/2/2026,,,120%,2024,1.85,2024,1.85,2026-06-25,2026-08-19,56,0
Seasons at Meridian,B1,F205,2,2,2,,1092,3/20/2025,,15,120%,1790,1.64,1757,1.61,2025-02-08,2025-02-13,6,0
Seasons at Meridian,B1,F205,2,2,2,,1092,9/28/2026,,,120%,2034,1.86,2034,1.86,2026-07-03,2026-07-20,18,0
Seasons at Meridian,B1,E309,3,2,2,,1092,3/20/2025,,,120%,2065,1.89,2065,1.89,2025-02-08,2026-05-11,458,418
Seasons at Meridian,B2,H113,1,2,2,,1141,8/16/2024,,,80%,2045,1.79,1730,1.52,2024-06-01,2024-08-23,84,8
Seasons at Meridian,B2,H113,1,2,2,,1141,11/7/2025,,,80%,1775,1.56,1502,1.32,2025-09-09,2025-09-30,22,0
Seasons at Meridian,B2,H201,2,2,2,,1141,8/16/2024,,,80%,1825,1.6,1544,1.35,2024-06-01,2024-08-17,78,2
Seasons at Meridian,B2,H201,2,2,2,,1141,10/13/2025,,,80%,1775,1.56,1502,1.32,2025-08-13,2025-10-20,69,8
Seasons at Meridian,B2,A101,1,2,2,,1141,11/15/2024,,15,80%,1995,1.75,1962,1.72,2024-07-20,2025-01-30,195,77
Seasons at Meridian,B2,A101,1,2,2,,1141,9/6/2025,,,80%,1775,1.56,1502,1.32,2025-07-25,2025-10-06,74,31
Seasons at Meridian,B2,I101,1,2,2,,1141,9/19/2024,,,80%,1795,1.57,1519,1.33,2024-06-22,2025-10-15,481,392
Seasons at Meridian,B2,J213,2,2,2,,1141,10/18/2024,,14,80%,1795,1.57,1759,1.54,2024-07-02,2024-12-12,164,56
Seasons at Meridian,B2,J213,2,2,2,,1141,3/12/2026,,,80%,1799,1.58,1661,1.46,2026-01-07,2026-01-30,24,0
Seasons at Meridian,B2,B301,3,2,2,,1141,8/23/2024,,,80%,2020,1.77,1709,1.5,2024-08-23,2024-08-31,9,9
Seasons at Meridian,B2,B301,3,2,2,,1141,1/17/2025,,,80%,1825,1.6,1685,1.48,2024-12-11,2026-02-02,419,382
Seasons at Meridian,Two Bedroom | B2,F207,2,2,2,,1141,3/20/2025,,12,80%,1844,1.62,1690,1.48,2025-02-08,2025-07-09,152,112
Seasons at Meridian,Two Bedroom | B2,B101,1,2,2,,1141,1/17/2025,,14,80%,1845,1.62,1809,1.59,2024-12-11,2024-12-28,18,0
Seasons at Meridian,Two Bedroom | B2,J107,1,2,2,,1141,10/18/2024,,14,80%,1845,1.62,1809,1.59,2024-07-02,2024-12-12,164,56
Seasons at Meridian,Two Bedroom | B2,B201,2,2,2,,1141,8/23/2024,,,80%,1995,1.75,1688,1.48,2024-08-23,2024-08-31,9,9
Seasons at Meridian,Two Bedroom | B2,B201,2,2,2,,1141,1/17/2025,,12,80%,1869,1.64,1713,1.5,2024-12-11,2025-07-28,230,193
Seasons at Meridian,Two Bedroom | B2,C207,2,2,2,,1141,5/21/2025,,12,80%,1869,1.64,1713,1.5,2025-03-18,2025-07-21,126,62
Seasons at Meridian,Two Bedroom | B2,H101,1,2,2,,1141,8/16/2024,,12,80%,1825,1.6,1544,1.35,2024-06-01,2024-10-30,152,76
Seasons at Meridian,Two Bedroom | B2,H101,1,2,2,,1141,4/22/2025,,12,80%,1874,1.64,1718,1.51,2025-04-12,2025-06-28,78,68
Seasons at Meridian,Two Bedroom | B2,E107,1,2,2,,1141,3/20/2025,,12,80%,1879,1.65,1722,1.51,2025-02-08,2025-07-15,158,118
Seasons at Meridian,Two Bedroom | B2,B107,1,2,2,,1141,8/23/2024,,,80%,2045,1.79,1730,1.52,2024-08-23,2024-08-31,9,9
Seasons at Meridian,Two Bedroom | B2,B107,1,2,2,,1141,1/17/2025,,12,80%,1894,1.66,1736,1.52,2024-12-11,2025-06-26,198,161
Seasons at Meridian,Two Bedroom | B2,C101,1,2,2,,1141,5/21/2025,,12,80%,1894,1.66,1736,1.52,2025-03-18,2025-07-15,120,56
Seasons at Meridian,Two Bedroom | B2,F201,2,2,2,,1141,3/20/2025,,12,80%,1894,1.66,1736,1.52,2025-02-08,2025-07-02,145,105
Seasons at Meridian,Two Bedroom | B2,B113,1,2,2,,1141,8/23/2024,,,80%,2045,1.79,1730,1.52,2024-08-23,2024-08-31,9,9
Seasons at Meridian,Two Bedroom | B2,B113,1,2,2,,1141,1/17/2025,,12,80%,1894,1.66,1736,1.52,2024-12-11,2025-08-21,254,217
Seasons at Meridian,Two Bedroom | B2,C107,1,2,2,,1141,5/21/2025,,12,80%,1894,1.66,1736,1.52,2025-03-18,2025-07-11,116,52
Seasons at Meridian,Two Bedroom | B2,H301,3,2,2,,1141,8/16/2024,,14,80%,1795,1.57,1759,1.54,2024-06-01,2024-12-06,189,113
Seasons at Meridian,Two Bedroom | B2,H301,3,2,2,,1141,8/25/2025,,12,80%,1895,1.66,1579,1.38,2025-08-19,2025-09-15,28,22
Seasons at Meridian,B2,I301,3,2,2,,1141,9/19/2024,,,80%,1900,1.67,1607,1.41,2024-06-22,2025-10-28,494,405
Seasons at Meridian,B2,I107,1,2,2,,1141,9/19/2024,,15,80%,1995,1.75,1962,1.72,2024-06-22,2025-01-18,211,122
Seasons at Meridian,B2,I107,1,2,2,,1141,4/7/2026,,,80%,1919,1.68,1771,1.55,2026-01-18,2026-03-02,44,0
Seasons at Meridian,Two Bedroom | B2,F107,1,2,2,,1141,3/20/2025,,12,80%,1919,1.68,1759,1.54,2025-02-08,2025-07-31,174,134
Seasons at Meridian,B2,G107,1,2,2,,1141,9/7/2024,,,80%,2045,1.79,2045,1.79,2024-06-11,2024-08-01,52,0
Seasons at Meridian,B2,G107,1,2,2,,1141,3/13/2026,,,80%,1919,1.68,1771,1.55,2026-01-22,2026-02-07,17,0
Seasons at Meridian,Two Bedroom | B2,F101,1,2,2,,1141,3/20/2025,,12,80%,1919,1.68,1759,1.54,2025-02-08,2025-08-09,183,143
Seasons at Meridian,Two Bedroom | B2,C201,2,2,2,,1141,5/21/2025,,12,80%,1919,1.68,1759,1.54,2025-03-18,2025-06-27,102,38
Seasons at Meridian,B2,D201,2,2,2,,1141,5/21/2025,,,80%,1919,1.68,1599,1.4,2025-03-18,2025-09-20,187,123
Seasons at Meridian,Two Bedroom | B2,B313,3,2,2,,1141,8/23/2024,,,80%,2020,1.77,1709,1.5,2024-08-23,2024-08-31,9,9
Seasons at Meridian,Two Bedroom | B2,B313,3,2,2,,1141,1/17/2025,,12,80%,1919,1.68,1759,1.54,2024-12-11,2025-08-14,247,210
Seasons at Meridian,Two Bedroom | B2,C307,3,2,2,,1141,5/21/2025,,12,120%,1929,1.69,1768,1.55,2025-03-18,2025-08-02,138,74
Seasons at Meridian,B2,J113,1,2,2,,1141,10/18/2024,,,120%,1944,1.7,1645,1.44,2024-07-02,2025-09-30,456,348
Seasons at Meridian,B2,G207,2,2,2,,1141,9/7/2024,,12,120%,1995,1.75,1688,1.48,2024-06-11,2024-09-29,111,23
Seasons at Meridian,B2,G207,2,2,2,,1141,4/18/2026,,,120%,1944,1.7,1794,1.57,2026-02-11,2026-02-19,9,0
Seasons at Meridian,B2,H207,2,2,2,,1141,8/16/2024,,12,120%,1995,1.75,1688,1.48,2024-06-01,2024-09-26,118,42
Seasons at Meridian,B2,H207,2,2,2,,1141,4/16/2026,,,120%,1944,1.7,1794,1.57,2026-02-11,2026-03-03,21,0
Seasons at Meridian,B2,J207,2,2,2,,1141,10/18/2024,,12,120%,1995,1.75,1688,1.48,2024-07-02,2024-11-15,137,29
Seasons at Meridian,B2,J207,2,2,2,,1141,2/22/2026,,,120%,1944,1.7,1794,1.57,2026-01-06,2026-02-19,45,0
Seasons at Meridian,B2,C301,3,2,2,,1141,5/21/2025,,,120%,1969,1.73,1742,1.53,2025-03-18,2026-01-09,298,234
Seasons at Meridian,B2,I207,2,2,2,,1141,9/19/2024,,,120%,1995,1.75,1688,1.48,2024-06-22,2024-08-13,53,0
Seasons at Meridian,B2,I207,2,2,2,,1141,6/7/2026,,,120%,1985,1.74,1832,1.61,2026-04-07,2026-04-12,6,0
Seasons at Meridian,B2,H313,3,2,2,,1141,8/9/2024,,12,120%,2020,1.77,1709,1.5,2024-06-01,2024-09-15,107,38
Seasons at Meridian,B2,H313,3,2,2,,1141,3/22/2026,,,120%,1990,1.74,1837,1.61,2026-01-17,2026-03-19,62,0
Seasons at Meridian,Two Bedroom | B2,A107,1,2,2,,1141,11/15/2024,,15,120%,1995,1.75,1962,1.72,2024-07-20,2025-02-18,214,96
Seasons at Meridian,Two Bedroom | B2,G201,2,2,2,,1141,9/7/2024,,12,120%,1995,1.75,1688,1.48,2024-06-11,2024-10-20,132,44
Seasons at Meridian,B2,E301,3,2,2,,1141,3/20/2025,,,120%,2019,1.77,1786,1.57,2025-02-08,2026-01-15,342,302
Seasons at Meridian,B2,G301,3,2,2,,1141,9/7/2024,,,120%,2020,1.77,2020,1.77,2024-06-11,2024-07-17,37,0
Seasons at Meridian,B2,G301,3,2,2,,1141,3/13/2026,,,120%,2020,1.77,1864,1.63,2026-01-14,2026-03-07,53,0
Seasons at Meridian,Two Bedroom | B2,A307,3,2,2,,1141,11/15/2024,,12,120%,2020,1.77,1709,1.5,2024-07-20,2024-11-13,117,0
Seasons at Meridian,Two Bedroom | B2,J313,3,2,2,,1141,10/18/2024,,12,120%,2020,1.77,1709,1.5,2024-07-02,2024-10-20,111,3
Seasons at Meridian,Two Bedroom | B2,I307,3,2,2,,1141,8/14/2024,,12,120%,2020,1.77,1709,1.5,2024-07-02,2024-11-26,148,105
Seasons at Meridian,Two Bedroom | B2,H107,1,2,2,,1141,8/16/2024,,,120%,2045,1.79,1730,1.52,2024-06-01,2024-09-06,98,22
Seasons at Meridian,B2,E113,1,2,2,,1141,3/20/2025,,12,120%,2080,1.82,1840,1.61,2025-02-08,2025-04-05,57,17
Seasons at Meridian,B2,E113,1,2,2,,1141,6/16/2026,,,120%,2045,1.79,1888,1.65,2026-04-11,2026-04-17,7,0
Seasons at Meridian,Two Bedroom | B2,G101,1,2,2,,1141,9/8/2024,,,120%,2045,1.79,2045,1.79,2024-06-11,2024-06-30,20,0
Seasons at Meridian,B2,D107,1,2,2,,1141,5/21/2025,,12,120%,1894,1.66,1736,1.52,2025-03-18,2025-06-19,94,30
Seasons at Meridian,B2,D107,1,2,2,,1141,6/7/2026,,,120%,2055,1.8,2055,1.8,2026-04-18,2026-05-16,29,0
Seasons at Meridian,Two Bedroom | B2,G307,3,2,2,,1141,9/7/2024,,,120%,2055,1.8,2055,1.8,2024-06-11,2024-07-20,40,0
Seasons at Meridian,Two Bedroom | B2,G307,3,2,2,,1141,5/10/2025,,12,120%,2055,1.8,1884,1.65,2025-05-09,2025-08-14,98,97
Seasons at Meridian,B2,D113,1,2,2,,1141,5/21/2025,,12,120%,2045,1.79,1875,1.64,2025-03-18,2025-04-20,34,0
Seasons at Meridian,B2,D113,1,2,2,,1141,7/7/2026,,,120%,2060,1.81,1901,1.67,2026-04-08,2026-04-20,13,0
Seasons at Meridian,B2,D207,2,2,2,,1141,5/21/2025,,12,120%,1904,1.67,1745,1.53,2025-03-18,2025-06-22,97,33
Seasons at Meridian,B2,D207,2,2,2,,1141,7/25/2026,,,120%,2065,1.81,2065,1.81,2026-05-28,2026-06-14,18,0
Seasons at Meridian,B2,E213,2,2,2,,1141,3/20/2025,,12,120%,2045,1.79,1809,1.59,2025-02-08,2025-03-25,46,6
Seasons at Meridian,B2,E213,2,2,2,,1141,4/9/2026,,,120%,2070,1.81,1911,1.67,2026-02-26,2026-03-07,10,0
Seasons at Meridian,B2,I201,2,2,2,,1141,9/19/2024,,14,120%,1795,1.57,1759,1.54,2024-06-22,2025-01-04,197,108
Seasons at Meridian,B2,I201,2,2,2,,1141,3/16/2026,,,120%,1799,1.58,1661,1.46,2026-01-10,2026-02-23,45,0
Seasons at Meridian,B2,I201,2,2,2,,1141,10/11/2026,,,120%,2080,1.82,2080,1.82,2026-08-18,,4,0
Seasons at Meridian,B2,B213,2,2,2,,1141,8/23/2024,,,120%,1995,1.75,1688,1.48,2024-08-23,2024-08-31,9,9
Seasons at Meridian,B2,B213,2,2,2,,1141,1/17/2025,,12,120%,1919,1.68,1759,1.54,2024-12-11,2025-06-17,189,152
Seasons at Meridian,B2,B213,2,2,2,,1141,8/7/2026,,,120%,2080,1.82,2080,1.82,2026-05-11,2026-07-24,75,0
Seasons at Meridian,B2,B207,2,2,2,,1141,8/23/2024,,,120%,1995,1.75,1688,1.48,2024-08-23,2024-08-31,9,9
Seasons at Meridian,B2,B207,2,2,2,,1141,1/17/2025,,12,120%,1919,1.68,1759,1.54,2024-12-11,2025-06-26,198,161
Seasons at Meridian,B2,B207,2,2,2,,1141,8/15/2026,,,120%,2080,1.82,2080,1.82,2026-05-28,2026-07-13,47,0
Seasons at Meridian,B2,J201,2,2,2,,1141,10/18/2024,,12,120%,1869,1.64,1713,1.5,2024-07-02,2025-08-13,408,300
Seasons at Meridian,B2,J201,2,2,2,,1141,9/19/2026,,,120%,2080,1.82,2080,1.82,2026-07-22,,31,0
Seasons at Meridian,B2,A201,2,2,2,,1141,11/15/2024,,12,120%,1869,1.64,1713,1.5,2024-07-20,2025-07-10,356,238
Seasons at Meridian,B2,A201,2,2,2,,1141,7/20/2026,,,120%,2080,1.82,2080,1.82,2026-04-29,2026-05-16,18,0
Seasons at Meridian,B2,A207,2,2,2,,1141,11/15/2024,,12,120%,1919,1.68,1599,1.4,2024-07-20,2025-09-04,412,294
Seasons at Meridian,B2,A207,2,2,2,,1141,9/10/2026,,,120%,2080,1.82,2080,1.82,2026-07-22,,31,0
Seasons at Meridian,B2,D101,1,2,2,,1141,3/26/2025,,12,120%,1894,1.66,1736,1.52,2025-03-18,2025-08-21,157,149
Seasons at Meridian,B2,D101,1,2,2,,1141,6/2/2026,,,120%,2095,1.84,2095,1.84,2026-04-18,2026-05-11,24,0
Seasons at Meridian,B2,H213,2,2,2,,1141,8/16/2024,,12,120%,1995,1.75,1688,1.48,2024-06-01,2024-09-13,105,29
Seasons at Meridian,B2,H213,2,2,2,,1141,8/29/2026,,,120%,2105,1.84,2105,1.84,2026-06-25,2026-07-28,34,0
Seasons at Meridian,B2,E101,1,2,2,,1141,3/20/2025,,12,120%,1894,1.66,1736,1.52,2025-02-08,2025-08-22,196,156
Seasons at Meridian,B2,E101,1,2,2,,1141,9/10/2026,,,120%,2105,1.84,2105,1.84,2026-08-05,2026-08-15,11,0
Seasons at Meridian,B2,J101,1,2,2,,1141,10/18/2024,,,120%,1944,1.7,1645,1.44,2024-07-02,2025-10-02,458,350
Seasons at Meridian,B2,J101,1,2,2,,1141,9/3/2026,,,120%,2105,1.84,2105,1.84,2026-07-28,2026-08-12,16,0
Seasons at Meridian,Two Bedroom | B2,E201,2,2,2,,1141,3/20/2025,,12,120%,2118,1.86,1873,1.64,2025-02-08,2025-06-13,126,86
Seasons at Meridian,B2,F307,3,2,2,,1141,7/3/2026,,,120%,2120,1.86,2120,1.86,2026-04-24,2026-05-11,18,0
Seasons at Meridian,Two Bedroom | B2,E207,2,2,2,,1141,3/20/2025,,12,120%,2153,1.89,1974,1.73,2025-02-08,2025-05-14,96,56
Seasons at Meridian,B2,J301,3,2,2,,1141,10/18/2024,,12,120%,1944,1.7,1782,1.56,2024-07-02,2025-08-24,419,311
Seasons at Meridian,B2,J301,3,2,2,,1141,10/12/2026,,,120%,2155,1.89,2155,1.89,2026-08-13,,9,0
Seasons at Meridian,B2,F301,3,2,2,,1141,3/20/2025,,12,120%,2095,1.84,1920,1.68,2025-02-08,2025-04-26,78,38
Seasons at Meridian,B2,F301,3,2,2,,1141,7/28/2026,,,120%,2155,1.89,2155,1.89,2026-06-03,2026-08-05,64,9
Seasons at Meridian,B2,A301,3,2,2,,1141,11/15/2024,,12,120%,1954,1.71,1791,1.57,2024-07-20,2025-08-27,404,286
Seasons at Meridian,B2,A301,3,2,2,,1141,9/30/2026,,,120%,2165,1.9,2165,1.9,2026-07-22,2026-08-18,28,0
Seasons at Meridian,Two Bedroom | B2,D213,2,2,2,,1141,5/21/2025,,12,120%,2168,1.9,1918,1.68,2025-03-18,2025-05-24,68,4
Seasons at Meridian,B2,E313,3,2,2,,1141,3/20/2025,,12,120%,2120,1.86,1943,1.7,2025-02-08,2025-04-15,67,27
Seasons at Meridian,B2,E313,3,2,2,,1141,8/23/2026,,,120%,2180,1.91,2180,1.91,2026-06-19,2026-08-20,63,0
Seasons at Meridian,B2,D313,3,2,2,,1141,4/16/2025,,12,120%,2019,1.77,1851,1.62,2025-03-18,2025-07-01,106,77
Seasons at Meridian,B2,D313,3,2,2,,1141,7/22/2026,,,120%,2180,1.91,2180,1.91,2026-05-13,2026-07-01,50,0
Seasons at Meridian,Two Bedroom | B2,H307,3,2,2,,1141,7/20/2024,,12,120%,2245,1.97,1899,1.66,2024-06-01,2024-10-19,141,92
Seasons at Meridian,Two Bedroom | B2,J307,3,2,2,,1141,10/18/2024,,15,120%,2270,1.99,2237,1.96,2024-07-02,2025-02-19,233,125
Seasons at Meridian,Two Bedroom | B2,D307,3,2,2,,1141,5/21/2025,,12,120%,2504,2.19,2295,2.01,2025-03-18,2025-07-15,120,56
Seasons at Meridian,B2,B307,3,2,2,,1141,8/23/2024,,,120%,2245,1.97,1899,1.66,2024-08-23,2024-08-31,9,9
Seasons at Meridian,B2,B307,3,2,2,,1141,10/7/2026,,,120%,2699,2.37,2699,2.37,2026-07-22,,31,0
Seasons at Meridian,B2,E307,3,2,2,,1141,3/20/2025,,,120%,2620,2.3,2418,2.12,2025-02-08,2026-04-10,427,387
Seasons at Meridian,B2,E307,3,2,2,,1141,10/4/2026,,,120%,2715,2.38,2715,2.38,2026-08-15,2026-08-20,6,0
Seasons at Meridian,Two Bedroom | B3,H102,1,2,2,,1165,8/16/2024,,12,80%,1670,1.43,1531,1.31,2024-06-01,2025-04-17,321,245
Seasons at Meridian,Two Bedroom | B3,G113,1,2,2,,1165,9/7/2024,,12,80%,1735,1.49,1590,1.36,2024-06-11,2025-04-23,317,229
Seasons at Meridian,Two Bedroom | B3,I112,1,2,2,,1165,9/19/2024,,12,80%,1820,1.56,1668,1.43,2024-06-22,2025-05-04,317,228
Seasons at Meridian,B3,J102,1,2,2,,1165,10/18/2024,,12,80%,1820,1.56,1668,1.43,2024-07-02,2025-05-14,317,209
Seasons at Meridian,B3,J102,1,2,2,,1165,4/3/2026,,,80%,1845,1.58,1703,1.46,2026-01-27,2026-02-13,18,0
Seasons at Meridian,Two Bedroom | B3,I113,1,2,2,,1165,9/19/2024,,12,80%,1885,1.62,1728,1.48,2024-06-22,2025-05-14,327,238
Seasons at Meridian,Two Bedroom | B3,G112,1,2,2,,1165,9/7/2024,,15,80%,1898,1.63,1865,1.6,2024-06-11,2025-02-18,253,165
Seasons at Meridian,Two Bedroom | B3,G112,1,2,2,,1165,10/3/2025,,12,80%,1920,1.65,1760,1.51,2025-08-01,2025-08-08,8,0
Seasons at Meridian,Two Bedroom | B3,D102,1,2,2,,1165,7/22/2025,,12,80%,1920,1.65,1760,1.51,2025-07-21,2025-07-25,5,4
Seasons at Meridian,B3,B102,1,2,2,,1165,8/23/2024,,,120%,2173,1.87,1838,1.58,2024-08-23,2024-08-31,9,9
Seasons at Meridian,B3,B102,1,2,2,,1165,1/17/2025,,12,120%,1820,1.56,1610,1.38,2024-12-11,2025-04-06,117,80
Seasons at Meridian,B3,B102,1,2,2,,1165,4/8/2026,,,120%,2045,1.76,1888,1.62,2026-03-05,2026-03-09,5,0
Seasons at Meridian,B3,E102,1,2,2,,1165,7/22/2025,,12,120%,1920,1.65,1760,1.51,2025-07-21,2025-08-05,16,15
Seasons at Meridian,B3,E102,1,2,2,,1165,8/16/2026,,,120%,2052,1.76,2052,1.76,2026-07-14,2026-08-01,19,0
Seasons at Meridian,B3,F112,1,2,2,,1165,8/11/2026,,,120%,2052,1.76,2052,1.76,2026-06-10,2026-07-13,34,0
Seasons at Meridian,B3,A112,1,2,2,,1165,11/15/2024,,12,120%,1820,1.56,1668,1.43,2024-07-20,2025-04-27,282,164
Seasons at Meridian,B3,A112,1,2,2,,1165,6/4/2026,,,120%,2045,1.76,1888,1.62,2026-03-21,2026-03-23,3,0
Seasons at Meridian,B3,A112,1,2,2,,1165,8/1/2026,,,120%,2077,1.78,2077,1.78,2026-07-16,2026-08-01,17,1
Seasons at Meridian,B3,C112,1,2,2,,1165,8/5/2026,,,120%,2077,1.78,2077,1.78,2026-06-10,2026-08-03,55,0
Seasons at Meridian,B3,A113,1,2,2,,1165,11/15/2024,,12,120%,1885,1.62,1667,1.43,2024-07-20,2025-05-23,308,190
Seasons at Meridian,B3,A113,1,2,2,,1165,7/27/2026,,,120%,2117,1.82,2117,1.82,2026-04-21,2026-07-10,81,0
Seasons at Meridian,B3,C113,1,2,2,,1165,7/22/2025,,,120%,2135,1.83,1806,1.55,2025-07-21,2025-10-27,99,98
Seasons at Meridian,B3,F113,1,2,2,,1165,7/22/2025,,12,120%,2020,1.73,1852,1.59,2025-07-21,2025-07-31,11,10
Seasons at Meridian,B3,F113,1,2,2,,1165,9/6/2026,,,120%,2152,1.85,2152,1.85,2026-07-31,2026-08-10,11,0
Seasons at Meridian,Two Bedroom | B3,E202,2,2,2,,1177,3/20/2025,,12,80%,1795,1.53,1588,1.35,2024-11-20,2025-03-27,128,8
Seasons at Meridian,Two Bedroom | B3,J202,2,2,2,,1177,10/18/2024,,12,80%,1798,1.53,1648,1.4,2024-07-02,2025-03-11,253,145
Seasons at Meridian,B3,I212,2,2,2,,1177,9/19/2024,,,80%,1799,1.53,1522,1.29,2024-06-22,2025-11-04,501,412
Seasons at Meridian,B3,H302,3,2,2,,1177,8/16/2024,,15,80%,1750,1.49,1717,1.46,2024-06-01,2025-01-30,244,168
Seasons at Meridian,B3,H302,3,2,2,,1177,12/7/2025,,,80%,1800,1.53,1661,1.41,2025-10-01,2026-02-16,139,72
Seasons at Meridian,Two Bedroom | B3,G312,3,2,2,,1177,9/7/2024,,12,80%,1800,1.53,1592,1.35,2024-06-11,2025-03-28,291,203
Seasons at Meridian,B3,D302,3,2,2,,1177,7/22/2025,,,80%,1800,1.53,1661,1.41,2025-07-21,2026-02-05,200,199
Seasons at Meridian,B3,A213,2,2,2,,1177,11/15/2024,,14,80%,1798,1.53,1762,1.5,2024-07-20,2025-01-04,169,51
Seasons at Meridian,B3,A213,2,2,2,,1177,7/15/2025,,,80%,1800,1.53,1523,1.29,2025-05-10,2025-10-09,153,87
Seasons at Meridian,Two Bedroom | B3,E302,3,2,2,,1177,3/20/2025,,12,80%,1820,1.55,1610,1.37,2024-11-20,2025-03-19,120,0
Seasons at Meridian,Two Bedroom | B3,C212,2,2,2,,1177,12/21/2024,,14,80%,1833,1.56,1797,1.53,2024-12-20,2025-01-08,20,19
Seasons at Meridian,Two Bedroom | B3,F312,3,2,2,,1177,3/20/2025,,12,80%,1845,1.57,1632,1.39,2024-11-20,2025-03-26,127,7
Seasons at Meridian,B3,A312,3,2,2,,1177,11/15/2024,,12,80%,1770,1.5,1566,1.33,2024-07-20,2025-03-23,247,129
Seasons at Meridian,B3,A312,3,2,2,,1177,2/7/2026,,,80%,1850,1.57,1708,1.45,2025-12-18,2026-02-18,63,12
Seasons at Meridian,Two Bedroom | B3,H202,2,2,2,,1177,8/16/2024,,12,80%,1870,1.59,1714,1.46,2024-06-01,2025-04-23,327,251
Seasons at Meridian,Two Bedroom | B3,A313,3,2,2,,1177,11/15/2024,,12,120%,1935,1.64,1712,1.45,2024-07-20,2025-03-26,250,132
Seasons at Meridian,Two Bedroom | B3,F313,3,2,2,,1177,3/20/2025,,12,120%,1960,1.67,1734,1.47,2024-11-20,2025-03-14,115,0
Seasons at Meridian,Two Bedroom | B3,G212,2,2,2,,1177,9/7/2024,,12,120%,1970,1.67,1743,1.48,2024-06-11,2025-04-12,306,218
Seasons at Meridian,B3,D202,2,2,2,,1177,6/10/2026,,,120%,1995,1.69,1995,1.69,2026-04-04,2026-06-30,88,21
Seasons at Meridian,B3,A212,2,2,2,,1177,11/15/2024,,,120%,1999,1.7,1768,1.5,2024-07-20,2025-12-20,519,401
Seasons at Meridian,B3,F212,2,2,2,,1177,3/20/2025,,12,120%,1820,1.55,1610,1.37,2024-11-20,2025-04-03,135,15
Seasons at Meridian,B3,F212,2,2,2,,1177,5/29/2026,,,120%,2020,1.72,2020,1.72,2026-03-09,2026-05-02,55,0
Seasons at Meridian,B3,B202,2,2,2,,1177,1/2/2025,,15,120%,1798,1.53,1765,1.5,2024-08-23,2025-01-12,143,11
Seasons at Meridian,B3,B202,2,2,2,,1177,7/31/2026,,,120%,2096,1.78,2096,1.78,2026-05-07,2026-06-04,29,0
Seasons at Meridian,Two Bedroom | B3,I312,3,2,2,,1177,9/19/2024,,12,120%,2098,1.78,1775,1.51,2024-06-22,2024-09-26,97,8
Seasons at Meridian,B3,I313,3,2,2,,1177,9/19/2024,,12,120%,2098,1.78,1775,1.51,2024-06-22,2024-10-15,116,27
Seasons at Meridian,B3,I313,3,2,2,,1177,12/21/2025,,,120%,2099,1.78,1937,1.65,2025-10-14,2026-03-12,150,82
Seasons at Meridian,B3,G313,3,2,2,,1177,9/7/2024,,12,120%,2099,1.78,1924,1.63,2024-06-11,2025-05-14,338,250
Seasons at Meridian,B3,G313,3,2,2,,1177,6/7/2026,,,120%,2110,1.79,1948,1.66,2026-03-24,2026-04-03,11,0
Seasons at Meridian,B3,B302,3,2,2,,1177,1/2/2025,,12,120%,1970,1.67,1743,1.48,2024-08-23,2025-04-11,232,100
Seasons at Meridian,B3,B302,3,2,2,,1177,6/16/2026,,,120%,2135,1.81,1971,1.67,2026-04-02,2026-04-27,26,0
Seasons at Meridian,B3,C312,3,2,2,,1177,7/22/2025,,,120%,1800,1.53,1661,1.41,2025-07-21,2026-01-28,192,191
Seasons at Meridian,B3,C312,3,2,2,,1177,10/24/2026,,,120%,2146,1.82,2146,1.82,2026-08-18,,4,0
Seasons at Meridian,B3,J302,3,2,2,,1177,10/18/2024,,12,120%,2020,1.72,1787,1.52,2024-07-02,2025-04-14,287,179
Seasons at Meridian,B3,J302,3,2,2,,1177,7/22/2026,,,120%,2146,1.82,2146,1.82,2026-06-17,2026-06-22,6,0
Seasons at Meridian,B3,G213,2,2,2,,1177,9/7/2024,,15,120%,1798,1.53,1765,1.5,2024-06-11,2025-02-12,247,159
Seasons at Meridian,B3,G213,2,2,2,,1177,6/28/2026,,,120%,2150,1.83,1984,1.69,2026-04-22,2026-04-30,9,0
Seasons at Meridian,B3,I213,2,2,2,,1177,9/19/2024,,15,120%,1798,1.53,1765,1.5,2024-06-22,2025-02-15,239,150
Seasons at Meridian,B3,I213,2,2,2,,1177,6/7/2026,,,120%,2161,1.84,2161,1.84,2026-04-02,2026-05-16,45,0
Seasons at Meridian,B3,F213,2,2,2,,1177,3/20/2025,,12,120%,1885,1.6,1667,1.42,2024-11-20,2025-03-21,122,2
Seasons at Meridian,B3,F213,2,2,2,,1177,8/30/2026,,,120%,2211,1.88,2211,1.88,2026-06-25,,58,0
Seasons at Meridian,Three Bedroom | C1,I102,1,3,2,,1328,9/19/2024,,15,80%,2105,1.59,2072,1.56,2024-06-22,2025-01-09,202,113
Seasons at Meridian,Three Bedroom | C1,J112,1,3,2,,1328,10/18/2024,,12,120%,2174,1.64,1839,1.38,2024-07-02,2025-07-05,369,261
Seasons at Meridian,C1,H112,1,3,2,,1328,8/16/2024,,,120%,2350,1.77,2350,1.77,2024-06-01,2024-08-07,68,0
Seasons at Meridian,C1,H112,1,3,2,,1328,9/7/2025,,,120%,2199,1.66,1945,1.46,2025-06-26,2025-09-25,92,19
Seasons at Meridian,Three Bedroom | C1,E112,1,3,2,,1328,3/20/2025,,12,120%,2235,1.68,2049,1.54,2025-02-08,2025-04-17,69,29
Seasons at Meridian,Three Bedroom | C1,F102,1,3,2,,1328,3/10/2025,,12,120%,2326,1.75,2057,1.55,2025-02-08,2025-06-05,118,88
Seasons at Meridian,C1,D112,1,3,2,,1328,5/21/2025,,12,120%,2160,1.63,1911,1.44,2025-03-18,2025-03-22,5,0
Seasons at Meridian,C1,D112,1,3,2,,1328,12/5/2025,,,120%,2326,1.75,1968,1.48,2025-10-18,2025-10-28,11,0
Seasons at Meridian,C1,D112,1,3,2,,1328,4/6/2026,,,120%,2340,1.76,2160,1.63,2026-03-11,2026-03-18,8,0
Seasons at Meridian,C1,G102,1,3,2,,1328,9/7/2024,,,120%,2350,1.77,1988,1.5,2024-06-11,2024-09-05,87,0
Seasons at Meridian,C1,G102,1,3,2,,1328,5/26/2026,,,120%,2340,1.76,2160,1.63,2026-02-25,2026-03-29,33,0
Seasons at Meridian,C1,A102,1,3,2,,1328,9/3/2024,,15,120%,2130,1.6,2097,1.58,2024-07-20,2025-02-05,201,156
Seasons at Meridian,C1,A102,1,3,2,,1328,2/13/2026,,,120%,2351,1.77,2170,1.63,2025-12-23,2026-03-11,79,27
Seasons at Meridian,C1,C102,1,3,2,,1328,5/21/2025,,,120%,2326,1.75,1968,1.48,2025-03-18,2025-10-01,198,134
Seasons at Meridian,C1,C102,1,3,2,,1328,7/18/2026,,,120%,2579,1.94,2579,1.94,2026-07-15,2026-07-23,9,6
Seasons at Meridian,C1,B112,1,3,2,,1328,8/23/2024,,,120%,2365,1.78,2001,1.51,2024-08-23,2024-08-31,9,9
Seasons at Meridian,C1,B112,1,3,2,,1328,1/17/2025,,12,120%,2326,1.75,2057,1.55,2024-12-11,2025-06-04,176,139
Seasons at Meridian,C1,B112,1,3,2,,1328,7/3/2026,,,120%,2579,1.94,2579,1.94,2026-04-28,2026-06-11,45,0
Seasons at Meridian,Three Bedroom | C1,H212,2,3,2,,1340,8/16/2024,,14,80%,1855,1.38,1819,1.36,2024-06-01,2024-12-16,199,123
Seasons at Meridian,C1,I302,3,3,2,,1340,9/19/2024,,,80%,1975,1.47,1823,1.36,2024-06-22,2026-02-11,600,511
Seasons at Meridian,C1,D212,2,3,2,,1340,5/21/2025,,,80%,1999,1.49,1845,1.38,2025-03-18,2026-02-02,322,258
Seasons at Meridian,C1,E212,2,3,2,,1340,3/20/2025,,,80%,1999,1.49,1845,1.38,2024-11-20,2026-03-03,469,349
Seasons at Meridian,Three Bedroom | C1,I202,2,3,2,,1340,9/19/2024,,14,80%,2055,1.53,2019,1.51,2024-06-22,2025-01-08,201,112
Seasons at Meridian,Three Bedroom | C1,A202,2,3,2,,1340,11/15/2024,,15,80%,2080,1.55,2047,1.53,2024-07-20,2025-01-14,179,61
Seasons at Meridian,Three Bedroom | C1,E312,3,3,2,,1340,1/26/2025,,12,120%,2235,1.67,1977,1.48,2024-11-20,2025-03-18,119,52
Seasons at Meridian,C1,A302,3,3,2,,1340,11/15/2024,,12,120%,2245,1.68,1986,1.48,2024-07-20,2025-04-04,259,141
Seasons at Meridian,C1,A302,3,3,2,,1340,10/23/2025,,,120%,2250,1.68,2077,1.55,2025-09-18,2026-03-05,169,134
Seasons at Meridian,C1,G302,3,3,2,,1340,9/7/2024,,,120%,2325,1.74,1967,1.47,2024-06-11,2024-09-05,87,0
Seasons at Meridian,C1,G302,3,3,2,,1340,5/2/2026,,,120%,2280,1.7,2104,1.57,2026-02-18,2026-03-25,36,0
Seasons at Meridian,C1,H312,3,3,2,,1340,8/16/2024,,,120%,2325,1.74,1967,1.47,2024-06-01,2024-08-31,92,16
Seasons at Meridian,C1,H312,3,3,2,,1340,3/18/2026,,,120%,2325,1.74,2146,1.6,2026-01-13,2026-03-13,60,0
Seasons at Meridian,Three Bedroom | C1,B312,3,3,2,,1340,1/2/2025,,12,120%,2380,1.78,2105,1.57,2024-08-23,2025-06-01,283,151
Seasons at Meridian,Three Bedroom | C1,C302,3,3,2,,1340,5/21/2025,,12,120%,2380,1.78,2014,1.5,2025-03-18,2025-07-10,115,51
Seasons at Meridian,C1,G202,2,3,2,,1340,9/7/2024,,12,120%,2085,1.56,1911,1.43,2024-06-11,2025-04-15,309,221
Seasons at Meridian,C1,G202,2,3,2,,1340,7/18/2026,,,120%,2399,1.79,2399,1.79,2026-07-15,2026-08-15,32,29
Seasons at Meridian,C1,J212,2,3,2,,1340,10/18/2024,,12,120%,2330,1.74,1971,1.47,2024-07-02,2025-07-02,366,258
Seasons at Meridian,C1,J212,2,3,2,,1340,8/14/2026,,,120%,2529,1.89,2529,1.89,2026-07-24,2026-08-16,24,3
Seasons at Meridian,C1,C202,2,3,2,,1340,5/21/2025,,12,120%,2160,1.61,1911,1.43,2025-03-18,2025-04-09,23,0
Seasons at Meridian,C1,C202,2,3,2,,1340,8/27/2026,,,120%,2529,1.89,2529,1.89,2026-06-19,,64,0
Seasons at Meridian,C1,F202,2,3,2,,1340,3/20/2025,,12,120%,2235,1.67,2049,1.53,2024-11-20,2025-04-29,161,41
Seasons at Meridian,C1,F202,2,3,2,,1340,6/10/2026,,,120%,2529,1.89,2529,1.89,2026-05-08,2026-06-11,35,2
Seasons at Meridian,C1,B212,2,3,2,,1340,1/2/2025,,12,120%,2330,1.74,1971,1.47,2024-08-23,2025-07-01,313,181
Seasons at Meridian,C1,B212,2,3,2,,1340,9/7/2026,,,120%,2529,1.89,2529,1.89,2026-07-01,,52,0
Seasons at Meridian,Three Bedroom | C1,D312,3,3,2,,1340,3/19/2025,,12,120%,2530,1.89,2140,1.6,2025-03-18,2025-08-01,137,136
Seasons at Meridian,C1,F302,3,3,2,,1340,3/20/2025,,12,120%,2380,1.78,2182,1.63,2024-11-20,2025-06-17,210,90
Seasons at Meridian,C1,F302,3,3,2,,1340,12/8/2025,,,120%,2380,1.78,2197,1.64,2025-09-27,2026-03-11,166,94
Seasons at Meridian,C1,F302,3,3,2,,1340,10/5/2026,,,120%,2579,1.92,2579,1.92,2026-08-19,,3,0
Seasons at Meridian,C1,J312,3,3,2,,1340,9/4/2024,,,120%,2280,1.7,1929,1.44,2024-07-02,2025-10-09,465,401
Seasons at Meridian,C1,J312,3,3,2,,1340,7/14/2026,,,120%,2579,1.92,2579,1.92,2026-04-24,2026-06-17,55,0