observation_date,BOIS216NA
1990-01-01,136.5
1990-02-01,137.3
1990-03-01,138.2
1990-04-01,138.6
1990-05-01,139.2
1990-06-01,139.9
1990-07-01,140.6
1990-08-01,141.8
1990-09-01,141.8
1990-10-01,141.6
1990-11-01,141.1
1990-12-01,141.3
1991-01-01,142.8
1991-02-01,143.7
1991-03-01,144.0
1991-04-01,144.5
1991-05-01,145.3
1991-06-01,145.9
1991-07-01,146.1
1991-08-01,146.7
1991-09-01,147.4
1991-10-01,147.6
1991-11-01,148.1
1991-12-01,148.6
1992-01-01,149.8
1992-02-01,150.6
1992-03-01,151.5
1992-04-01,152.1
1992-05-01,153.8
1992-06-01,154.0
1992-07-01,155.0
1992-08-01,155.8
1992-09-01,155.8
1992-10-01,157.6
1992-11-01,158.7
1992-12-01,159.5
1993-01-01,159.8
1993-02-01,160.4
1993-03-01,160.7
1993-04-01,162.1
1993-05-01,163.1
1993-06-01,163.8
1993-07-01,165.2
1993-08-01,166.3
1993-09-01,167.1
1993-10-01,168.2
1993-11-01,169.1
1993-12-01,171.0
1994-01-01,171.4
1994-02-01,172.4
1994-03-01,174.1
1994-04-01,175.6
1994-05-01,176.2
1994-06-01,177.4
1994-07-01,174.9
1994-08-01,175.9
1994-09-01,178.2
1994-10-01,179.2
1994-11-01,180.2
1994-12-01,180.5
1995-01-01,182.1
1995-02-01,182.9
1995-03-01,183.3
1995-04-01,182.7
1995-05-01,183.4
1995-06-01,184.9
1995-07-01,184.7
1995-08-01,185.8
1995-09-01,186.6
1995-10-01,187.2
1995-11-01,187.7
1995-12-01,188.3
1996-01-01,190.0
1996-02-01,189.9
1996-03-01,190.7
1996-04-01,191.7
1996-05-01,192.0
1996-06-01,192.9
1996-07-01,192.9
1996-08-01,193.4
1996-09-01,194.1
1996-10-01,195.1
1996-11-01,195.4
1996-12-01,196.6
1997-01-01,197.3
1997-02-01,197.5
1997-03-01,198.3
1997-04-01,198.8
1997-05-01,200.1
1997-06-01,200.6
1997-07-01,201.0
1997-08-01,201.8
1997-09-01,202.4
1997-10-01,202.7
1997-11-01,204.2
1997-12-01,206.4
1998-01-01,207.8
1998-02-01,209.5
1998-03-01,210.0
1998-04-01,210.6
1998-05-01,211.1
1998-06-01,211.9
1998-07-01,213.1
1998-08-01,213.5
1998-09-01,214.6
1998-10-01,215.3
1998-11-01,216.6
1998-12-01,217.5
1999-01-01,216.7
1999-02-01,217.3
1999-03-01,218.2
1999-04-01,219.1
1999-05-01,219.7
1999-06-01,220.6
1999-07-01,221.7
1999-08-01,222.5
1999-09-01,222.8
1999-10-01,224.4
1999-11-01,225.4
1999-12-01,226.5
2000-01-01,225.2
2000-02-01,225.9
2000-03-01,227.5
2000-04-01,230.0
2000-05-01,231.6
2000-06-01,231.4
2000-07-01,233.8
2000-08-01,234.3
2000-09-01,234.9
2000-10-01,235.4
2000-11-01,236.3
2000-12-01,235.5
2001-01-01,236.4
2001-02-01,236.7
2001-03-01,237.5
2001-04-01,236.0
2001-05-01,235.3
2001-06-01,235.3
2001-07-01,234.4
2001-08-01,235.1
2001-09-01,234.8
2001-10-01,234.3
2001-11-01,233.5
2001-12-01,233.8
2002-01-01,233.7
2002-02-01,233.4
2002-03-01,233.5
2002-04-01,233.8
2002-05-01,234.3
2002-06-01,234.0
2002-07-01,234.4
2002-08-01,234.1
2002-09-01,233.9
2002-10-01,234.5
2002-11-01,233.9
2002-12-01,234.3
2003-01-01,236.0
2003-02-01,235.5
2003-03-01,234.9
2003-04-01,234.5
2003-05-01,234.8
2003-06-01,235.0
2003-07-01,234.0
2003-08-01,234.1
2003-09-01,236.1
2003-10-01,236.3
2003-11-01,237.0
2003-12-01,237.9
2004-01-01,237.5
2004-02-01,238.2
2004-03-01,239.8
2004-04-01,241.0
2004-05-01,241.8
2004-06-01,242.5
2004-07-01,243.4
2004-08-01,244.2
2004-09-01,244.0
2004-10-01,246.4
2004-11-01,247.9
2004-12-01,248.7
2005-01-01,249.9
2005-02-01,250.5
2005-03-01,251.1
2005-04-01,251.7
2005-05-01,252.4
2005-06-01,253.3
2005-07-01,256.1
2005-08-01,256.5
2005-09-01,258.2
2005-10-01,259.1
2005-11-01,260.4
2005-12-01,262.0
2006-01-01,263.6
2006-02-01,265.4
2006-03-01,267.0
2006-04-01,270.5
2006-05-01,271.4
2006-06-01,273.3
2006-07-01,273.9
2006-08-01,274.5
2006-09-01,275.0
2006-10-01,275.2
2006-11-01,275.6
2006-12-01,276.7
2007-01-01,277.5
2007-02-01,279.0
2007-03-01,279.8
2007-04-01,278.6
2007-05-01,277.8
2007-06-01,277.9
2007-07-01,276.6
2007-08-01,275.7
2007-09-01,275.2
2007-10-01,274.3
2007-11-01,274.4
2007-12-01,274.4
2008-01-01,275.0
2008-02-01,274.6
2008-03-01,274.3
2008-04-01,278.8
2008-05-01,277.2
2008-06-01,276.2
2008-07-01,276.3
2008-08-01,274.3
2008-09-01,273.4
2008-10-01,269.8
2008-11-01,266.1
2008-12-01,264.7
2009-01-01,262.2
2009-02-01,259.9
2009-03-01,257.4
2009-04-01,256.2
2009-05-01,255.3
2009-06-01,256.0
2009-07-01,252.9
2009-08-01,251.9
2009-09-01,252.2
2009-10-01,252.6
2009-11-01,253.0
2009-12-01,253.5
2010-01-01,253.5
2010-02-01,253.7
2010-03-01,253.5
2010-04-01,253.7
2010-05-01,253.8
2010-06-01,253.0
2010-07-01,252.9
2010-08-01,253.1
2010-09-01,252.6
2010-10-01,253.3
2010-11-01,253.4
2010-12-01,253.2
2011-01-01,255.9
2011-02-01,254.7
2011-03-01,254.3
2011-04-01,256.5
2011-05-01,256.0
2011-06-01,255.4
2011-07-01,257.4
2011-08-01,258.5
2011-09-01,260.1
2011-10-01,260.0
2011-11-01,261.3
2011-12-01,262.5
2012-01-01,262.1
2012-02-01,262.5
2012-03-01,263.2
2012-04-01,263.3
2012-05-01,264.1
2012-06-01,264.5
2012-07-01,265.4
2012-08-01,265.9
2012-09-01,267.5
2012-10-01,267.9
2012-11-01,268.4
2012-12-01,268.7
2013-01-01,269.0
2013-02-01,269.7
2013-03-01,270.7
2013-04-01,271.8
2013-05-01,272.3
2013-06-01,273.2
2013-07-01,273.7
2013-08-01,274.6
2013-09-01,275.1
2013-10-01,277.6
2013-11-01,277.6
2013-12-01,278.3
2014-01-01,279.5
2014-02-01,280.3
2014-03-01,280.7
2014-04-01,281.8
2014-05-01,282.3
2014-06-01,282.2
2014-07-01,281.6
2014-08-01,282.2
2014-09-01,283.1
2014-10-01,284.2
2014-11-01,284.9
2014-12-01,286.0
2015-01-01,288.1
2015-02-01,287.9
2015-03-01,288.7
2015-04-01,289.4
2015-05-01,290.7
2015-06-01,290.7
2015-07-01,292.2
2015-08-01,292.1
2015-09-01,294.5
2015-10-01,295.6
2015-11-01,296.5
2015-12-01,298.0
2016-01-01,299.3
2016-02-01,300.5
2016-03-01,301.6
2016-04-01,302.0
2016-05-01,302.5
2016-06-01,302.9
2016-07-01,305.6
2016-08-01,306.8
2016-09-01,308.1
2016-10-01,307.7
2016-11-01,309.5
2016-12-01,310.0
2017-01-01,310.9
2017-02-01,311.3
2017-03-01,313.2
2017-04-01,313.9
2017-05-01,316.1
2017-06-01,317.5
2017-07-01,317.4
2017-08-01,318.3
2017-09-01,319.6
2017-10-01,320.7
2017-11-01,321.5
2017-12-01,323.1
2018-01-01,325.4
2018-02-01,326.7
2018-03-01,327.9
2018-04-01,329.1
2018-05-01,329.9
2018-06-01,331.7
2018-07-01,333.4
2018-08-01,334.7
2018-09-01,335.7
2018-10-01,336.7
2018-11-01,337.3
2018-12-01,338.4
2019-01-01,339.1
2019-02-01,340.2
2019-03-01,340.9
2019-04-01,342.3
2019-05-01,344.8
2019-06-01,344.2
2019-07-01,344.6
2019-08-01,347.0
2019-09-01,348.2
2019-10-01,349.4
2019-11-01,350.9
2019-12-01,351.8
2020-01-01,353.1
2020-02-01,353.9
2020-03-01,354.0
2020-04-01,316.8
2020-05-01,328.3
2020-06-01,338.1
2020-07-01,340.3
2020-08-01,344.1
2020-09-01,347.0
2020-10-01,349.8
2020-11-01,352.1
2020-12-01,355.0
2021-01-01,356.9
2021-02-01,359.2
2021-03-01,362.8
2021-04-01,362.1
2021-05-01,364.0
2021-06-01,365.4
2021-07-01,367.6
2021-08-01,368.0
2021-09-01,369.0
2021-10-01,370.5
2021-11-01,372.2
2021-12-01,374.2
2022-01-01,375.9
2022-02-01,378.2
2022-03-01,381.3
2022-04-01,381.0
2022-05-01,381.9
2022-06-01,383.3
2022-07-01,385.1
2022-08-01,386.6
2022-09-01,387.7
2022-10-01,387.4
2022-11-01,389.0
2022-12-01,389.0
2023-01-01,389.6
2023-02-01,390.2
2023-03-01,390.1
2023-04-01,391.9
2023-05-01,392.6
2023-06-01,394.1
2023-07-01,390.8
2023-08-01,393.5
2023-09-01,395.4
2023-10-01,398.7
2023-11-01,401.0
2023-12-01,403.1
2024-01-01,398.1
2024-02-01,399.4
2024-03-01,401.1
2024-04-01,401.9
2024-05-01,403.2
2024-06-01,404.6
2024-07-01,404.1
2024-08-01,406.0
2024-09-01,406.8
2024-10-01,407.9
2024-11-01,407.9
2024-12-01,408.2
2025-01-01,409.4
2025-02-01,409.5
2025-03-01,408.8
2025-04-01,412.8
2025-05-01,413.2
2025-06-01,413.3
2025-07-01,414.1
2025-08-01,414.8
2025-09-01,414.8
2025-10-01,412.3
2025-11-01,412.2
2025-12-01,412.5
2026-01-01,411.4
2026-02-01,410.6
2026-03-01,412.6
2026-04-01,414.2
2026-05-01,415.2
2026-06-01,416.0
2026-07-01,416.5
